dataset,seed,hidden_per_head,regularizer,lambda_fixed,lambda_target,lambda_eta,lambda_final,div_final,adaptive_lambda,lambda_schedule,prune_criterion,prune_ratio,pruned_acc_before_ft,checkpoint_source,criterion_div,distill,distill_alpha,distill_temperature,dense_test_acc,dense_lambda_final,dense_div_final,best_epoch,epochs_run,val_acc,test_acc,params,wall_time_s
cora,0,8,none,0.1,,,,,False,,,,,,,False,,,,,,56.0,157.0,0.8059999942779541,0.8149999976158142,92373.0,12.403780937194824
cora,1,8,none,0.1,,,,,False,,,,,,,False,,,,,,151.0,200.0,0.8059999942779541,0.8029999732971191,92373.0,14.668843030929564
cora,2,8,none,0.1,,,,,False,,,,,,,False,,,,,,55.0,156.0,0.8140000104904175,0.8230000138282776,92373.0,10.810646772384644
cora,3,8,none,0.1,,,,,False,,,,,,,False,,,,,,17.0,118.0,0.7860000133514404,0.8050000071525574,92373.0,8.21690845489502
cora,4,8,none,0.1,,,,,False,,,,,,,False,,,,,,35.0,136.0,0.8040000200271606,0.8140000104904175,92373.0,9.59440016746521
cora,5,8,none,0.1,,,,,False,,,,,,,False,,,,,,41.0,142.0,0.8059999942779541,0.8149999976158142,92373.0,11.454503536224363
cora,6,8,none,0.1,,,,,False,,,,,,,False,,,,,,24.0,125.0,0.7919999957084656,0.8159999847412109,92373.0,10.175098896026611
cora,7,8,none,0.1,,,,,False,,,,,,,False,,,,,,15.0,116.0,0.7820000052452087,0.7889999747276306,92373.0,9.415336847305298
cora,8,8,none,0.1,,,,,False,,,,,,,False,,,,,,59.0,160.0,0.8140000104904175,0.8119999766349792,92373.0,12.91315770149231
cora,9,8,none,0.1,,,,,False,,,,,,,False,,,,,,60.0,161.0,0.8199999928474426,0.8230000138282776,92373.0,12.885157823562622
cora,0,8,attention,0.01,,,,,False,,,,,,,False,,,,,,55.0,156.0,0.8140000104904175,0.8190000057220459,92373.0,12.279672145843506
cora,1,8,attention,0.01,,,,,False,,,,,,,False,,,,,,198.0,200.0,0.7919999957084656,0.7950000166893005,92373.0,15.92110800743103
cora,2,8,attention,0.01,,,,,False,,,,,,,False,,,,,,48.0,149.0,0.8159999847412109,0.824999988079071,92373.0,12.11126184463501
cora,3,8,attention,0.01,,,,,False,,,,,,,False,,,,,,93.0,194.0,0.7960000038146973,0.8100000023841858,92373.0,15.77987027168274
cora,4,8,attention,0.01,,,,,False,,,,,,,False,,,,,,23.0,124.0,0.8180000185966492,0.8130000233650208,92373.0,10.105289936065674
cora,0,8,attention,0.05,,,,,False,,,,,,,False,,,,,,55.0,156.0,0.8119999766349792,0.8180000185966492,92373.0,12.381953239440918
cora,1,8,attention,0.05,,,,,False,,,,,,,False,,,,,,182.0,200.0,0.7879999876022339,0.800000011920929,92373.0,16.144638299942017
cora,2,8,attention,0.05,,,,,False,,,,,,,False,,,,,,46.0,147.0,0.8140000104904175,0.8209999799728394,92373.0,11.915794134140016
cora,3,8,attention,0.05,,,,,False,,,,,,,False,,,,,,136.0,200.0,0.7940000295639038,0.8050000071525574,92373.0,16.410111665725708
cora,4,8,attention,0.05,,,,,False,,,,,,,False,,,,,,23.0,124.0,0.8180000185966492,0.8119999766349792,92373.0,10.149914026260376
cora,0,8,attention,0.1,,,,,False,,,,,,,False,,,,,,54.0,155.0,0.8119999766349792,0.8169999718666077,92373.0,13.647127628326416
cora,1,8,attention,0.1,,,,,False,,,,,,,False,,,,,,199.0,200.0,0.7919999957084656,0.7979999780654907,92373.0,18.675657033920288
cora,2,8,attention,0.1,,,,,False,,,,,,,False,,,,,,47.0,148.0,0.8159999847412109,0.8230000138282776,92373.0,13.9255690574646
cora,3,8,attention,0.1,,,,,False,,,,,,,False,,,,,,113.0,200.0,0.7940000295639038,0.8100000023841858,92373.0,18.565929889678955
cora,4,8,attention,0.1,,,,,False,,,,,,,False,,,,,,21.0,122.0,0.8180000185966492,0.8140000104904175,92373.0,11.501621723175049
cora,0,8,attention,0.5,,,,,False,,,,,,,False,,,,,,54.0,155.0,0.8119999766349792,0.8159999847412109,92373.0,14.352258682250977
cora,1,8,attention,0.5,,,,,False,,,,,,,False,,,,,,180.0,200.0,0.7879999876022339,0.8009999990463257,92373.0,18.721503734588623
cora,2,8,attention,0.5,,,,,False,,,,,,,False,,,,,,47.0,148.0,0.8159999847412109,0.8230000138282776,92373.0,13.691698789596558
cora,3,8,attention,0.5,,,,,False,,,,,,,False,,,,,,131.0,200.0,0.7979999780654907,0.800000011920929,92373.0,18.65657639503479
cora,4,8,attention,0.5,,,,,False,,,,,,,False,,,,,,81.0,182.0,0.8199999928474426,0.8149999976158142,92373.0,17.279184103012085
cora,0,8,attention,1.0,,,,,False,,,,,,,False,,,,,,29.0,130.0,0.8100000023841858,0.8100000023841858,92373.0,12.400601387023926
cora,1,8,attention,1.0,,,,,False,,,,,,,False,,,,,,191.0,200.0,0.7940000295639038,0.8029999732971191,92373.0,18.847621202468872
cora,2,8,attention,1.0,,,,,False,,,,,,,False,,,,,,48.0,149.0,0.8140000104904175,0.8230000138282776,92373.0,13.98997187614441
cora,3,8,attention,1.0,,,,,False,,,,,,,False,,,,,,132.0,200.0,0.8080000281333923,0.8009999990463257,92373.0,18.71283173561096
cora,4,8,attention,1.0,,,,,False,,,,,,,False,,,,,,90.0,191.0,0.8220000267028809,0.8159999847412109,92373.0,17.765161275863647
cora,0,8,output,0.1,,,,,False,,,,,,,,,,,,,False,21.0,122.0,0.8119999766349792,0.8209999799728394,92373.0
cora,1,8,output,0.1,,,,,False,,,,,,,,,,,,,False,119.0,200.0,0.7960000038146973,0.8119999766349792,92373.0
cora,2,8,output,0.1,,,,,False,,,,,,,,,,,,,False,102.0,200.0,0.8199999928474426,0.8259999752044678,92373.0
cora,3,8,output,0.1,,,,,False,,,,,,,,,,,,,False,169.0,200.0,0.7960000038146973,0.8059999942779541,92373.0
cora,4,8,output,0.1,,,,,False,,,,,,,,,,,,,False,84.0,185.0,0.8240000009536743,0.8289999961853027,92373.0
cora,0,8,output,1.0,,,,,False,,,,,,,,,,,,,False,13.0,114.0,0.7979999780654907,0.8080000281333923,92373.0
cora,1,8,output,1.0,,,,,False,,,,,,,,,,,,,False,88.0,189.0,0.7580000162124634,0.7839999794960022,92373.0
cora,2,8,output,1.0,,,,,False,,,,,,,,,,,,,False,18.0,119.0,0.765999972820282,0.781000018119812,92373.0
cora,3,8,output,1.0,,,,,False,,,,,,,,,,,,,False,101.0,200.0,0.765999972820282,0.7950000166893005,92373.0
cora,4,8,output,1.0,,,,,False,,,,,,,,,,,,,False,51.0,152.0,0.800000011920929,0.7910000085830688,92373.0
cora,0,8,both,0.1,,,,,False,,,,,,,,,,,,,False,21.0,122.0,0.8119999766349792,0.8240000009536743,92373.0
cora,1,8,both,0.1,,,,,False,,,,,,,,,,,,,False,118.0,200.0,0.7940000295639038,0.8080000281333923,92373.0
cora,2,8,both,0.1,,,,,False,,,,,,,,,,,,,False,103.0,200.0,0.8199999928474426,0.8259999752044678,92373.0
cora,3,8,both,0.1,,,,,False,,,,,,,,,,,,,False,69.0,170.0,0.7940000295639038,0.8090000152587891,92373.0
cora,4,8,both,0.1,,,,,False,,,,,,,,,,,,,False,85.0,186.0,0.8259999752044678,0.8220000267028809,92373.0
cora,0,8,both,1.0,,,,,False,,,,,,,,,,,,,False,14.0,115.0,0.7960000038146973,0.8100000023841858,92373.0
cora,1,8,both,1.0,,,,,False,,,,,,,,,,,,,False,160.0,200.0,0.7620000243186951,0.7440000176429749,92373.0
cora,2,8,both,1.0,,,,,False,,,,,,,,,,,,,False,88.0,189.0,0.777999997138977,0.8009999990463257,92373.0
cora,3,8,both,1.0,,,,,False,,,,,,,,,,,,,False,100.0,200.0,0.765999972820282,0.800000011920929,92373.0
cora,4,8,both,1.0,,,,,False,,,,,,,,,,,,,False,55.0,156.0,0.800000011920929,0.7979999780654907,92373.0
cora,0,8,attention,5.0,0.7,0.2,5.0,0.9338377714157104,False,,,,,,,False,,,,,,18.0,119.0,0.8019999861717224,0.8069999814033508,92373.0,11.575884819030762
cora,1,8,attention,5.0,0.7,0.2,5.0,0.3545484542846679,False,,,,,,,False,,,,,,174.0,200.0,0.7960000038146973,0.7879999876022339,92373.0,19.975653171539307
cora,2,8,attention,5.0,0.7,0.2,5.0,0.7397798895835876,False,,,,,,,False,,,,,,44.0,145.0,0.7960000038146973,0.8040000200271606,92373.0,14.593499183654783
cora,3,8,attention,5.0,0.7,0.2,5.0,0.337693303823471,False,,,,,,,False,,,,,,198.0,200.0,0.7940000295639038,0.8029999732971191,92373.0,20.773595333099365
cora,4,8,attention,5.0,0.7,0.2,5.0,0.9561138153076172,False,,,,,,,False,,,,,,14.0,115.0,0.8199999928474426,0.8029999732971191,92373.0,11.6151442527771
cora,0,8,attention,20.0,0.7,0.2,20.0,0.8027245402336121,False,,,,,,,False,,,,,,17.0,118.0,0.7940000295639038,0.8080000281333923,92373.0,11.296354293823242
cora,1,8,attention,20.0,0.7,0.2,20.0,0.2684105038642883,False,,,,,,,False,,,,,,177.0,200.0,0.7940000295639038,0.7919999957084656,92373.0,19.181511402130127
cora,2,8,attention,20.0,0.7,0.2,20.0,0.826420247554779,False,,,,,,,False,,,,,,17.0,118.0,0.7919999957084656,0.8130000233650208,92373.0,11.276062726974487
cora,3,8,attention,20.0,0.7,0.2,20.0,0.8257279992103577,False,,,,,,,False,,,,,,15.0,116.0,0.777999997138977,0.7850000262260437,92373.0,10.873646020889282
cora,4,8,attention,20.0,0.7,0.2,20.0,0.7361159324645996,False,,,,,,,False,,,,,,19.0,120.0,0.8100000023841858,0.8009999990463257,92373.0,11.351723432540894
cora,0,8,attention,50.0,0.7,0.2,50.0,0.729256272315979,False,,,,,,,False,,,,,,16.0,117.0,0.7839999794960022,0.7950000166893005,92373.0,11.15525507926941
cora,1,8,attention,50.0,0.7,0.2,50.0,0.2622334063053131,False,,,,,,,False,,,,,,127.0,200.0,0.7799999713897705,0.7639999985694885,92373.0,19.18433380126953
cora,2,8,attention,50.0,0.7,0.2,50.0,0.2773050367832184,False,,,,,,,False,,,,,,97.0,198.0,0.7860000133514404,0.8059999942779541,92373.0,18.988688707351685
cora,3,8,attention,50.0,0.7,0.2,50.0,0.7950051426887512,False,,,,,,,False,,,,,,12.0,113.0,0.7620000243186951,0.7490000128746033,92373.0,11.202527284622192
cora,4,8,attention,50.0,0.7,0.2,50.0,0.2726993262767792,False,,,,,,,False,,,,,,108.0,200.0,0.8019999861717224,0.7879999876022339,92373.0,19.64968991279602
cora,0,8,attention,5.0,0.7,0.05,5.0,0.9338377714157104,False,,,,,,,False,,,,,,18.0,119.0,0.8019999861717224,0.8069999814033508,92373.0,10.891672849655151
cora,1,8,attention,5.0,0.7,0.05,5.0,0.3545484542846679,False,,,,,,,False,,,,,,174.0,200.0,0.7960000038146973,0.7879999876022339,92373.0,18.17103123664856
cora,2,8,attention,5.0,0.7,0.05,5.0,0.7397798895835876,False,,,,,,,False,,,,,,44.0,145.0,0.7960000038146973,0.8040000200271606,92373.0,13.3192937374115
cora,3,8,attention,5.0,0.7,0.05,5.0,0.337693303823471,False,,,,,,,False,,,,,,198.0,200.0,0.7940000295639038,0.8029999732971191,92373.0,18.52351140975952
cora,4,8,attention,5.0,0.7,0.05,5.0,0.9561138153076172,False,,,,,,,False,,,,,,14.0,115.0,0.8199999928474426,0.8029999732971191,92373.0,10.592133283615112
cora,0,8,attention,20.0,0.7,0.05,20.0,0.8027245402336121,False,,,,,,,False,,,,,,17.0,118.0,0.7940000295639038,0.8080000281333923,92373.0,10.844841480255129
cora,1,8,attention,20.0,0.7,0.05,20.0,0.2684105038642883,False,,,,,,,False,,,,,,177.0,200.0,0.7940000295639038,0.7919999957084656,92373.0,18.505050659179688
cora,2,8,attention,20.0,0.7,0.05,20.0,0.826420247554779,False,,,,,,,False,,,,,,17.0,118.0,0.7919999957084656,0.8130000233650208,92373.0,10.826498985290527
cora,3,8,attention,20.0,0.7,0.05,20.0,0.8257279992103577,False,,,,,,,False,,,,,,15.0,116.0,0.777999997138977,0.7850000262260437,92373.0,10.777012825012209
cora,4,8,attention,20.0,0.7,0.05,20.0,0.7361159324645996,False,,,,,,,False,,,,,,19.0,120.0,0.8100000023841858,0.8009999990463257,92373.0,11.42481279373169
cora,0,8,attention,50.0,0.7,0.05,50.0,0.729256272315979,False,,,,,,,False,,,,,,16.0,117.0,0.7839999794960022,0.7950000166893005,92373.0,11.46737504005432
cora,1,8,attention,50.0,0.7,0.05,50.0,0.2622334063053131,False,,,,,,,False,,,,,,127.0,200.0,0.7799999713897705,0.7639999985694885,92373.0,19.603816986083984
cora,2,8,attention,50.0,0.7,0.05,50.0,0.2773050367832184,False,,,,,,,False,,,,,,97.0,198.0,0.7860000133514404,0.8059999942779541,92373.0,18.257461309432983
cora,3,8,attention,50.0,0.7,0.05,50.0,0.7950051426887512,False,,,,,,,False,,,,,,12.0,113.0,0.7620000243186951,0.7490000128746033,92373.0,10.42897129058838
cora,4,8,attention,50.0,0.7,0.05,50.0,0.2726993262767792,False,,,,,,,False,,,,,,108.0,200.0,0.8019999861717224,0.7879999876022339,92373.0,18.08578062057495
cora,0,8,none,0.1,0.7,0.05,0.1,,False,,diversity,0.5,0.7860000133514404,,,False,,,0.8149999976158142,0.1,,71.0,100.0,0.8159999847412109,0.8140000104904175,46197.0,6.832185983657837
cora,1,8,none,0.1,0.7,0.05,0.1,,False,,diversity,0.5,0.7900000214576721,,,False,,,0.8029999732971191,0.1,,47.0,100.0,0.7940000295639038,0.8090000152587891,46197.0,6.634678840637207
cora,2,8,none,0.1,0.7,0.05,0.1,,False,,diversity,0.5,0.8059999942779541,,,False,,,0.8230000138282776,0.1,,99.0,100.0,0.800000011920929,0.8100000023841858,46197.0,6.519094467163086
cora,3,8,none,0.1,0.7,0.05,0.1,,False,,diversity,0.5,0.7760000228881836,,,False,,,0.8050000071525574,0.1,,46.0,100.0,0.7940000295639038,0.8149999976158142,46197.0,6.446337461471558
cora,4,8,none,0.1,0.7,0.05,0.1,,False,,diversity,0.5,0.777999997138977,,,False,,,0.8140000104904175,0.1,,94.0,100.0,0.7900000214576721,0.7990000247955322,46197.0,6.44578218460083
cora,0,8,none,0.1,0.7,0.05,0.1,,False,,gradient,0.5,0.777999997138977,,,False,,,0.8149999976158142,0.1,,72.0,100.0,0.8159999847412109,0.8119999766349792,46197.0,6.896752595901489
cora,1,8,none,0.1,0.7,0.05,0.1,,False,,gradient,0.5,0.7940000295639038,,,False,,,0.8029999732971191,0.1,,1.0,100.0,0.7919999957084656,0.8119999766349792,46197.0,6.454588174819946
cora,2,8,none,0.1,0.7,0.05,0.1,,False,,gradient,0.5,0.7929999828338623,,,False,,,0.8230000138282776,0.1,,96.0,100.0,0.7940000295639038,0.7979999780654907,46197.0,6.953786611557007
cora,3,8,none,0.1,0.7,0.05,0.1,,False,,gradient,0.5,0.7839999794960022,,,False,,,0.8050000071525574,0.1,,53.0,100.0,0.7820000052452087,0.8050000071525574,46197.0,6.955337047576904
cora,4,8,none,0.1,0.7,0.05,0.1,,False,,gradient,0.5,0.7889999747276306,,,False,,,0.8140000104904175,0.1,,51.0,100.0,0.7839999794960022,0.7889999747276306,46197.0,6.853783130645752
cora,0,8,none,0.1,0.7,0.05,0.1,,False,,random,0.5,0.7940000295639038,,,False,,,0.8149999976158142,0.1,,86.0,100.0,0.7879999876022339,0.8109999895095825,46197.0,6.702086210250855
cora,1,8,none,0.1,0.7,0.05,0.1,,False,,random,0.5,0.7670000195503235,,,False,,,0.8029999732971191,0.1,,24.0,100.0,0.7919999957084656,0.8050000071525574,46197.0,6.5834479331970215
cora,2,8,none,0.1,0.7,0.05,0.1,,False,,random,0.5,0.7950000166893005,,,False,,,0.8230000138282776,0.1,,77.0,100.0,0.8119999766349792,0.8169999718666077,46197.0,6.603953838348389
cora,3,8,none,0.1,0.7,0.05,0.1,,False,,random,0.5,0.7699999809265137,,,False,,,0.8050000071525574,0.1,,4.0,100.0,0.800000011920929,0.8169999718666077,46197.0,6.6316351890563965
cora,4,8,none,0.1,0.7,0.05,0.1,,False,,random,0.5,0.7749999761581421,,,False,,,0.8140000104904175,0.1,,84.0,100.0,0.7960000038146973,0.8140000104904175,46197.0,6.563056945800781
cora,0,8,none,0.1,0.7,0.05,0.1,,False,,magnitude,0.5,0.7760000228881836,,,False,,,0.8149999976158142,0.1,,86.0,100.0,0.8199999928474426,0.8169999718666077,46197.0,6.512991905212402
cora,1,8,none,0.1,0.7,0.05,0.1,,False,,magnitude,0.5,0.8029999732971191,,,False,,,0.8029999732971191,0.1,,22.0,100.0,0.7860000133514404,0.8240000009536743,46197.0,6.580118179321289
cora,2,8,none,0.1,0.7,0.05,0.1,,False,,magnitude,0.5,0.796999990940094,,,False,,,0.8230000138282776,0.1,,89.0,100.0,0.7940000295639038,0.8059999942779541,46197.0,6.58008074760437
cora,3,8,none,0.1,0.7,0.05,0.1,,False,,magnitude,0.5,0.7829999923706055,,,False,,,0.8050000071525574,0.1,,67.0,100.0,0.7820000052452087,0.8090000152587891,46197.0,6.511409521102905
cora,4,8,none,0.1,0.7,0.05,0.1,,False,,magnitude,0.5,0.7720000147819519,,,False,,,0.8140000104904175,0.1,,29.0,100.0,0.7879999876022339,0.8009999990463257,46197.0,6.531416416168213
cora,0,8,attention,0.1,0.7,0.05,0.1515793830156327,0.7974503636360168,True,,diversity,0.5,0.7770000100135803,,,False,,,0.8180000185966492,0.7768895834684373,0.9707880616188048,68.0,100.0,0.7820000052452087,0.7950000166893005,46197.0,8.578661680221558
cora,1,8,attention,0.1,0.7,0.05,0.147877620458603,0.7889272570610046,True,,diversity,0.5,0.7789999842643738,,,False,,,0.7900000214576721,1.620150777697563,0.6989187002182007,96.0,100.0,0.7839999794960022,0.8040000200271606,46197.0,8.341188192367554
cora,2,8,attention,0.1,0.7,0.05,0.3140811079740526,0.8149245381355286,True,,diversity,0.5,0.7879999876022339,,,False,,,0.8209999799728394,0.6867886435985571,0.9753025770187378,74.0,100.0,0.7900000214576721,0.7979999780654907,46197.0,8.50900650024414
cora,3,8,attention,0.1,0.7,0.05,0.0476875996589661,0.7622683644294739,True,,diversity,0.5,0.7789999842643738,,,False,,,0.8009999990463257,1.5435313516855238,0.7758564949035645,60.0,100.0,0.7900000214576721,0.7919999957084656,46197.0,8.609263181686401
cora,4,8,attention,0.1,0.7,0.05,0.0025637263059616,0.7593987584114075,True,,diversity,0.5,0.7900000214576721,,,False,,,0.8119999766349792,0.3473153507709505,0.9804629683494568,0.0,100.0,0.7919999957084656,0.7929999828338623,46197.0,8.35228967666626
cora,0,8,attention,0.1,0.7,0.05,0.2528626972436906,0.8472985625267029,True,,gradient,0.5,0.7590000033378601,,,False,,,0.8180000185966492,0.7768895834684373,0.9707880616188048,58.0,100.0,0.777999997138977,0.800000011920929,46197.0,8.707283020019531
cora,1,8,attention,0.1,0.7,0.05,0.3940701258182528,0.8108833432197571,True,,gradient,0.5,0.7680000066757202,,,False,,,0.7900000214576721,1.620150777697563,0.6989187002182007,98.0,100.0,0.7739999890327454,0.796999990940094,46197.0,8.330056190490723
cora,2,8,attention,0.1,0.7,0.05,0.1965744704008103,0.8273010849952698,True,,gradient,0.5,0.8019999861717224,,,False,,,0.8209999799728394,0.6867886435985571,0.9753025770187378,44.0,100.0,0.7879999876022339,0.7900000214576721,46197.0,8.399515867233276
cora,3,8,attention,0.1,0.7,0.05,0.0538138854503632,0.7699165344238281,True,,gradient,0.5,0.7620000243186951,,,False,,,0.8009999990463257,1.5435313516855238,0.7758564949035645,47.0,100.0,0.7940000295639038,0.8040000200271606,46197.0,8.58455228805542
cora,4,8,attention,0.1,0.7,0.05,0.4481894546747209,0.8721081614494324,True,,gradient,0.5,0.8029999732971191,,,False,,,0.8119999766349792,0.3473153507709505,0.9804629683494568,55.0,100.0,0.7900000214576721,0.8019999861717224,46197.0,8.398564338684082
cora,0,8,attention,0.1,0.7,0.05,0.3356159859895708,0.8311831951141357,True,,random,0.5,0.7319999933242798,,,False,,,0.8180000185966492,0.7768895834684373,0.9707880616188048,96.0,100.0,0.7739999890327454,0.8029999732971191,46197.0,8.639646530151367
cora,1,8,attention,0.1,0.7,0.05,0.0288160240650177,0.7577906250953674,True,,random,0.5,0.7360000014305115,,,False,,,0.7900000214576721,1.620150777697563,0.6989187002182007,38.0,100.0,0.7979999780654907,0.8109999895095825,46197.0,8.323299407958984
cora,2,8,attention,0.1,0.7,0.05,0.4122980350255966,0.8652237057685852,True,,random,0.5,0.7850000262260437,,,False,,,0.8209999799728394,0.6867886435985571,0.9753025770187378,55.0,100.0,0.8100000023841858,0.8230000138282776,46197.0,8.627451658248901
cora,3,8,attention,0.1,0.7,0.05,0.1824781799316408,0.7911249995231628,True,,random,0.5,0.7590000033378601,,,False,,,0.8009999990463257,1.5435313516855238,0.7758564949035645,95.0,100.0,0.7919999957084656,0.7960000038146973,46197.0,8.66557788848877
cora,4,8,attention,0.1,0.7,0.05,0.0446689784526825,0.8085265755653381,True,,random,0.5,0.7990000247955322,,,False,,,0.8119999766349792,0.3473153507709505,0.9804629683494568,9.0,100.0,0.800000011920929,0.8090000152587891,46197.0,8.623362064361572
cora,0,8,attention,0.1,0.7,0.05,0.233932712674141,0.8262550830841064,True,,magnitude,0.5,0.7749999761581421,,,False,,,0.8180000185966492,0.7768895834684373,0.9707880616188048,68.0,100.0,0.7919999957084656,0.7929999828338623,46197.0,9.03163194656372
cora,1,8,attention,0.1,0.7,0.05,0.147877620458603,0.7889272570610046,True,,magnitude,0.5,0.7789999842643738,,,False,,,0.7900000214576721,1.620150777697563,0.6989187002182007,96.0,100.0,0.7839999794960022,0.8040000200271606,46197.0,8.788280963897705
cora,2,8,attention,0.1,0.7,0.05,0.4404474353790285,0.8216192126274109,True,,magnitude,0.5,0.8090000152587891,,,False,,,0.8209999799728394,0.6867886435985571,0.9753025770187378,84.0,100.0,0.7900000214576721,0.8029999732971191,46197.0,8.4372239112854
cora,3,8,attention,0.1,0.7,0.05,0.3691339325904847,0.8022668361663818,True,,magnitude,0.5,0.7720000147819519,,,False,,,0.8009999990463257,1.5435313516855238,0.7758564949035645,97.0,100.0,0.7900000214576721,0.8059999942779541,46197.0,8.660054206848145
cora,4,8,attention,0.1,0.7,0.05,0.6148049706220629,0.8540865778923035,True,,magnitude,0.5,0.7860000133514404,,,False,,,0.8119999766349792,0.3473153507709505,0.9804629683494568,80.0,100.0,0.7860000133514404,0.7889999747276306,46197.0,8.43221402168274
cora,0,8,none,0.1,0.7,0.05,0.1,,False,,diversity,0.75,0.777999997138977,,,False,,,0.8149999976158142,0.1,,45.0,100.0,0.800000011920929,0.8059999942779541,23109.0,6.556018829345703
cora,1,8,none,0.1,0.7,0.05,0.1,,False,,diversity,0.75,0.7789999842643738,,,False,,,0.8029999732971191,0.1,,41.0,100.0,0.7739999890327454,0.8069999814033508,23109.0,6.382068634033203
cora,2,8,none,0.1,0.7,0.05,0.1,,False,,diversity,0.75,0.7879999876022339,,,False,,,0.8230000138282776,0.1,,78.0,100.0,0.7979999780654907,0.7950000166893005,23109.0,6.194103956222534
cora,3,8,none,0.1,0.7,0.05,0.1,,False,,diversity,0.75,0.7870000004768372,,,False,,,0.8050000071525574,0.1,,85.0,100.0,0.7979999780654907,0.8180000185966492,23109.0,6.522477388381958
cora,4,8,none,0.1,0.7,0.05,0.1,,False,,diversity,0.75,0.7699999809265137,,,False,,,0.8140000104904175,0.1,,48.0,100.0,0.7799999713897705,0.796999990940094,23109.0,6.330082178115845
cora,0,8,none,0.1,0.7,0.05,0.1,,False,,gradient,0.75,0.7850000262260437,,,False,,,0.8149999976158142,0.1,,52.0,100.0,0.8059999942779541,0.8130000233650208,23109.0,6.622288703918457
cora,1,8,none,0.1,0.7,0.05,0.1,,False,,gradient,0.75,0.7570000290870667,,,False,,,0.8029999732971191,0.1,,3.0,100.0,0.8100000023841858,0.8169999718666077,23109.0,6.906343698501587
cora,2,8,none,0.1,0.7,0.05,0.1,,False,,gradient,0.75,0.765999972820282,,,False,,,0.8230000138282776,0.1,,4.0,100.0,0.7720000147819519,0.7820000052452087,23109.0,6.131748199462891
cora,3,8,none,0.1,0.7,0.05,0.1,,False,,gradient,0.75,0.7720000147819519,,,False,,,0.8050000071525574,0.1,,56.0,100.0,0.7839999794960022,0.7979999780654907,23109.0,6.294004678726196
cora,4,8,none,0.1,0.7,0.05,0.1,,False,,gradient,0.75,0.7770000100135803,,,False,,,0.8140000104904175,0.1,,99.0,100.0,0.7919999957084656,0.8109999895095825,23109.0,6.335960865020752
cora,0,8,none,0.1,0.7,0.05,0.1,,False,,random,0.75,0.8050000071525574,,,False,,,0.8149999976158142,0.1,,21.0,100.0,0.7940000295639038,0.8119999766349792,23109.0,6.578911781311035
cora,1,8,none,0.1,0.7,0.05,0.1,,False,,random,0.75,0.7580000162124634,,,False,,,0.8029999732971191,0.1,,46.0,100.0,0.777999997138977,0.8019999861717224,23109.0,6.176979303359985
cora,2,8,none,0.1,0.7,0.05,0.1,,False,,random,0.75,0.7919999957084656,,,False,,,0.8230000138282776,0.1,,34.0,100.0,0.8119999766349792,0.8149999976158142,23109.0,6.2809157371521
cora,3,8,none,0.1,0.7,0.05,0.1,,False,,random,0.75,0.7799999713897705,,,False,,,0.8050000071525574,0.1,,78.0,100.0,0.8019999861717224,0.8140000104904175,23109.0,6.326507806777954
cora,4,8,none,0.1,0.7,0.05,0.1,,False,,random,0.75,0.765999972820282,,,False,,,0.8140000104904175,0.1,,84.0,100.0,0.7940000295639038,0.8040000200271606,23109.0,6.201888084411621
cora,0,8,none,0.1,0.7,0.05,0.1,,False,,magnitude,0.75,0.7749999761581421,,,False,,,0.8149999976158142,0.1,,45.0,100.0,0.800000011920929,0.8119999766349792,23109.0,7.401930570602417
cora,1,8,none,0.1,0.7,0.05,0.1,,False,,magnitude,0.75,0.8009999990463257,,,False,,,0.8029999732971191,0.1,,62.0,100.0,0.7940000295639038,0.8130000233650208,23109.0,7.071776390075684
cora,2,8,none,0.1,0.7,0.05,0.1,,False,,magnitude,0.75,0.8009999990463257,,,False,,,0.8230000138282776,0.1,,0.0,100.0,0.7860000133514404,0.800000011920929,23109.0,6.653243064880371
cora,3,8,none,0.1,0.7,0.05,0.1,,False,,magnitude,0.75,0.7720000147819519,,,False,,,0.8050000071525574,0.1,,56.0,100.0,0.7839999794960022,0.7979999780654907,23109.0,6.903514862060547
cora,4,8,none,0.1,0.7,0.05,0.1,,False,,magnitude,0.75,0.7609999775886536,,,False,,,0.8140000104904175,0.1,,79.0,100.0,0.7739999890327454,0.7940000295639038,23109.0,6.584782361984253
citeseer,0,8,none,0.1,0.7,0.05,0.1,,False,,,,,,,False,,,,,,19.0,120.0,0.6899999976158142,0.6909999847412109,237586.0,18.57472515106201
citeseer,1,8,none,0.1,0.7,0.05,0.1,,False,,,,,,,False,,,,,,13.0,114.0,0.6840000152587891,0.6759999990463257,237586.0,17.450130701065063
citeseer,2,8,none,0.1,0.7,0.05,0.1,,False,,,,,,,False,,,,,,37.0,138.0,0.6919999718666077,0.6629999876022339,237586.0,21.05392599105835
citeseer,3,8,none,0.1,0.7,0.05,0.1,,False,,,,,,,False,,,,,,17.0,118.0,0.7200000286102295,0.7089999914169312,237586.0,18.527763843536377
citeseer,4,8,none,0.1,0.7,0.05,0.1,,False,,,,,,,False,,,,,,11.0,112.0,0.7020000219345093,0.6899999976158142,237586.0,17.59521245956421
citeseer,5,8,none,0.1,0.7,0.05,0.1,,False,,,,,,,False,,,,,,12.0,113.0,0.7039999961853027,0.6610000133514404,237586.0,17.179656267166138
citeseer,6,8,none,0.1,0.7,0.05,0.1,,False,,,,,,,False,,,,,,23.0,124.0,0.7200000286102295,0.6980000138282776,237586.0,19.066563367843628
citeseer,7,8,none,0.1,0.7,0.05,0.1,,False,,,,,,,False,,,,,,27.0,128.0,0.7099999785423279,0.6899999976158142,237586.0,23.09054923057556
citeseer,8,8,none,0.1,0.7,0.05,0.1,,False,,,,,,,False,,,,,,40.0,141.0,0.6700000166893005,0.6690000295639038,237586.0,28.706021785736084
citeseer,9,8,none,0.1,0.7,0.05,0.1,,False,,,,,,,False,,,,,,12.0,113.0,0.7020000219345093,0.6800000071525574,237586.0,22.841815948486328
citeseer,0,8,attention,20.0,0.7,0.05,20.0,0.8768105506896973,False,,,,,,,False,,,,,,12.0,113.0,0.6800000071525574,0.6520000100135803,237586.0,23.698838472366333
citeseer,1,8,attention,20.0,0.7,0.05,20.0,0.9197405576705932,False,,,,,,,False,,,,,,12.0,113.0,0.6639999747276306,0.671999990940094,237586.0,25.48323655128479
citeseer,2,8,attention,20.0,0.7,0.05,20.0,0.8493078351020813,False,,,,,,,False,,,,,,13.0,114.0,0.6620000004768372,0.6330000162124634,237586.0,26.62603235244751
citeseer,3,8,attention,20.0,0.7,0.05,20.0,0.8456838726997375,False,,,,,,,False,,,,,,13.0,114.0,0.7039999961853027,0.6869999766349792,237586.0,27.426852464675903
citeseer,4,8,attention,20.0,0.7,0.05,20.0,0.8492439985275269,False,,,,,,,False,,,,,,16.0,117.0,0.7160000205039978,0.6830000281333923,237586.0,27.964553594589237
citeseer,5,8,attention,20.0,0.7,0.05,20.0,0.8255807757377625,False,,,,,,,False,,,,,,14.0,115.0,0.6639999747276306,0.6349999904632568,237586.0,27.13808846473694
citeseer,6,8,attention,20.0,0.7,0.05,20.0,0.7358232140541077,False,,,,,,,False,,,,,,19.0,120.0,0.6660000085830688,0.6600000262260437,237586.0,28.32314729690552
citeseer,7,8,attention,20.0,0.7,0.05,20.0,0.8805255889892578,False,,,,,,,False,,,,,,10.0,111.0,0.7120000123977661,0.6880000233650208,237586.0,26.191712379455566
citeseer,8,8,attention,20.0,0.7,0.05,20.0,0.8698686957359314,False,,,,,,,False,,,,,,12.0,113.0,0.6660000085830688,0.6729999780654907,237586.0,26.85717797279358
citeseer,9,8,attention,20.0,0.7,0.05,20.0,0.8687168955802917,False,,,,,,,False,,,,,,11.0,112.0,0.6880000233650208,0.671999990940094,237586.0,26.53897070884705
citeseer,0,8,attention,0.1,0.7,0.05,0.2202815234661103,0.9904590249061584,True,,,,,,,False,,,,,,14.0,115.0,0.699999988079071,0.671999990940094,237586.0,28.588696002960205
citeseer,1,8,attention,0.1,0.7,0.05,0.43658646941185,0.9846320748329164,True,,,,,,,False,,,,,,29.0,130.0,0.6940000057220459,0.6930000185966492,237586.0,31.95275950431824
citeseer,2,8,attention,0.1,0.7,0.05,0.1907774102687835,0.9887751936912536,True,,,,,,,False,,,,,,12.0,113.0,0.6940000057220459,0.6679999828338623,237586.0,27.83607578277588
citeseer,3,8,attention,0.1,0.7,0.05,0.2479018408060074,0.986494481563568,True,,,,,,,False,,,,,,16.0,117.0,0.7160000205039978,0.7020000219345093,237586.0,29.00968098640442
citeseer,4,8,attention,0.1,0.7,0.05,0.1915113013982773,0.9917091727256776,True,,,,,,,False,,,,,,12.0,113.0,0.7160000205039978,0.6949999928474426,237586.0,27.670078992843628
citeseer,5,8,attention,0.1,0.7,0.05,0.1619081550836563,0.991756021976471,True,,,,,,,False,,,,,,10.0,111.0,0.6959999799728394,0.6639999747276306,237586.0,27.170125484466556
citeseer,6,8,attention,0.1,0.7,0.05,0.3078455710411072,0.9879974722862244,True,,,,,,,False,,,,,,20.0,121.0,0.7099999785423279,0.6949999928474426,237586.0,29.796388626098636
citeseer,7,8,attention,0.1,0.7,0.05,0.4037508261203766,0.9819607734680176,True,,,,,,,False,,,,,,27.0,128.0,0.7120000123977661,0.6819999814033508,237586.0,31.87464570999145
citeseer,8,8,attention,0.1,0.7,0.05,0.2633877259492875,0.9876888394355774,True,,,,,,,False,,,,,,17.0,118.0,0.671999990940094,0.6779999732971191,237586.0,29.177096366882324
citeseer,9,8,attention,0.1,0.7,0.05,0.2635592710971833,0.9891553521156312,True,,,,,,,False,,,,,,17.0,118.0,0.7020000219345093,0.6970000267028809,237586.0,29.28247332572937
pubmed,0,8,none,0.1,0.7,0.05,0.1,,False,,,,,,,False,,,,,,76.0,177.0,0.7960000038146973,0.7789999842643738,32393.0,46.08861660957336
pubmed,1,8,none,0.1,0.7,0.05,0.1,,False,,,,,,,False,,,,,,97.0,198.0,0.7960000038146973,0.7820000052452087,32393.0,50.58665227890015
pubmed,2,8,none,0.1,0.7,0.05,0.1,,False,,,,,,,False,,,,,,191.0,200.0,0.7879999876022339,0.7730000019073486,32393.0,51.09020519256592
pubmed,3,8,none,0.1,0.7,0.05,0.1,,False,,,,,,,False,,,,,,169.0,200.0,0.7960000038146973,0.777999997138977,32393.0,50.79243850708008
pubmed,4,8,none,0.1,0.7,0.05,0.1,,False,,,,,,,False,,,,,,133.0,200.0,0.7860000133514404,0.7739999890327454,32393.0,39.17342495918274
pubmed,5,8,none,0.1,0.7,0.05,0.1,,False,,,,,,,False,,,,,,137.0,200.0,0.7960000038146973,0.7689999938011169,32393.0,46.36497235298157
pubmed,6,8,none,0.1,0.7,0.05,0.1,,False,,,,,,,False,,,,,,157.0,200.0,0.7900000214576721,0.7739999890327454,32393.0,55.391579151153564
pubmed,7,8,none,0.1,0.7,0.05,0.1,,False,,,,,,,False,,,,,,150.0,200.0,0.7979999780654907,0.7820000052452087,32393.0,50.66745090484619
pubmed,8,8,none,0.1,0.7,0.05,0.1,,False,,,,,,,False,,,,,,85.0,186.0,0.7919999957084656,0.7649999856948853,32393.0,36.65837907791138
pubmed,9,8,none,0.1,0.7,0.05,0.1,,False,,,,,,,False,,,,,,198.0,200.0,0.7900000214576721,0.7760000228881836,32393.0,39.33490014076233
pubmed,0,8,attention,20.0,0.7,0.05,20.0,0.9097567796707152,False,,,,,,,False,,,,,,116.0,200.0,0.7940000295639038,0.7720000147819519,32393.0,56.02401924133301
pubmed,1,8,attention,20.0,0.7,0.05,20.0,0.9941540360450744,False,,,,,,,False,,,,,,63.0,164.0,0.7940000295639038,0.765999972820282,32393.0,45.63256621360779
pubmed,2,8,attention,20.0,0.7,0.05,20.0,0.984925091266632,False,,,,,,,False,,,,,,75.0,176.0,0.7760000228881836,0.7609999775886536,32393.0,48.79234933853149
pubmed,3,8,attention,20.0,0.7,0.05,20.0,0.84161376953125,False,,,,,,,False,,,,,,136.0,200.0,0.7940000295639038,0.7639999985694885,32393.0,55.39567852020264
pubmed,4,8,attention,20.0,0.7,0.05,20.0,0.9885465502738952,False,,,,,,,False,,,,,,74.0,175.0,0.7799999713897705,0.765999972820282,32393.0,48.325936794281006
pubmed,5,8,attention,20.0,0.7,0.05,20.0,0.8973422050476074,False,,,,,,,False,,,,,,133.0,200.0,0.7839999794960022,0.7620000243186951,32393.0,55.12710642814636
pubmed,6,8,attention,20.0,0.7,0.05,20.0,0.9812278747558594,False,,,,,,,False,,,,,,88.0,189.0,0.7839999794960022,0.765999972820282,32393.0,53.25119829177856
pubmed,7,8,attention,20.0,0.7,0.05,20.0,0.994620680809021,False,,,,,,,False,,,,,,67.0,168.0,0.7940000295639038,0.7680000066757202,32393.0,53.642924785614014
pubmed,8,8,attention,20.0,0.7,0.05,20.0,0.9829328656196594,False,,,,,,,False,,,,,,84.0,185.0,0.7839999794960022,0.7580000162124634,32393.0,59.81758618354797
pubmed,9,8,attention,20.0,0.7,0.05,20.0,0.9974484443664552,False,,,,,,,False,,,,,,51.0,152.0,0.7879999876022339,0.746999979019165,32393.0,52.30433702468872
pubmed,0,8,attention,0.1,0.7,0.05,2.3218528145551702,0.9915992617607116,True,,,,,,,False,,,,,,155.0,200.0,0.7960000038146973,0.7760000228881836,32393.0,73.25656938552856
pubmed,1,8,attention,0.1,0.7,0.05,0.9589912003278732,0.9990351796150208,True,,,,,,,False,,,,,,63.0,164.0,0.7940000295639038,0.765999972820282,32393.0,59.52260136604309
pubmed,2,8,attention,0.1,0.7,0.05,2.777371414303782,0.989563763141632,True,,,,,,,False,,,,,,186.0,200.0,0.7940000295639038,0.7770000100135803,32393.0,73.26299691200256
pubmed,3,8,attention,0.1,0.7,0.05,2.551687794327737,0.9938589930534364,True,,,,,,,False,,,,,,170.0,200.0,0.800000011920929,0.7749999761581421,32393.0,72.55985569953918
pubmed,4,8,attention,0.1,0.7,0.05,2.19132651269436,0.9940218925476074,True,,,,,,,False,,,,,,146.0,200.0,0.7960000038146973,0.7799999713897705,32393.0,72.76873826980591
pubmed,5,8,attention,0.1,0.7,0.05,2.019690108299254,0.997121810913086,True,,,,,,,False,,,,,,134.0,200.0,0.7979999780654907,0.7699999809265137,32393.0,72.50242877006531
pubmed,6,8,attention,0.1,0.7,0.05,1.2884539389610292,0.998892307281494,True,,,,,,,False,,,,,,85.0,186.0,0.7919999957084656,0.7699999809265137,32393.0,67.80091381072998
pubmed,7,8,attention,0.1,0.7,0.05,1.2438313227891915,0.9992750883102416,True,,,,,,,False,,,,,,82.0,183.0,0.7940000295639038,0.7829999923706055,32393.0,66.78936505317688
pubmed,8,8,attention,0.1,0.7,0.05,2.330026494860649,0.9959664940834044,True,,,,,,,False,,,,,,155.0,200.0,0.7879999876022339,0.7639999985694885,32393.0,72.33366179466248
pubmed,9,8,attention,0.1,0.7,0.05,1.7500606763362885,0.9974361658096312,True,,,,,,,False,,,,,,116.0,200.0,0.7879999876022339,0.7829999923706055,32393.0,72.53847646713257
cora,0,8,attention,0.1,0.7,0.05,0.0619979637861252,0.824547529220581,True,,diversity,0.5,0.7770000100135803,,,True,0.5,2.0,0.8180000185966492,0.7768895834684373,0.9707880616188048,27.0,100.0,0.8059999942779541,0.8209999799728394,46197.0,8.931775093078613
cora,1,8,attention,0.1,0.7,0.05,0.526733127832413,0.8606045842170715,True,,diversity,0.5,0.7789999842643738,,,True,0.5,2.0,0.7900000214576721,1.620150777697563,0.6989187002182007,99.0,100.0,0.8119999766349792,0.8100000023841858,46197.0,8.95704960823059
cora,2,8,attention,0.1,0.7,0.05,0.6238336986303332,0.8680728077888489,True,,diversity,0.5,0.7879999876022339,,,True,0.5,2.0,0.8209999799728394,0.6867886435985571,0.9753025770187378,88.0,100.0,0.8159999847412109,0.8270000219345093,46197.0,8.932013511657715
cora,3,8,attention,0.1,0.7,0.05,0.0031249374151229,0.7301869988441467,True,,diversity,0.5,0.7789999842643738,,,True,0.5,2.0,0.8009999990463257,1.5435313516855238,0.7758564949035645,22.0,100.0,0.8199999928474426,0.8180000185966492,46197.0,8.760009050369263
cora,4,8,attention,0.1,0.7,0.05,0.7130128610134128,0.8777263760566711,True,,diversity,0.5,0.7900000214576721,,,True,0.5,2.0,0.8119999766349792,0.3473153507709505,0.9804629683494568,81.0,100.0,0.8199999928474426,0.8259999752044678,46197.0,8.793306350708008
cora,5,8,attention,0.1,0.7,0.05,0.4055864012241365,0.9281724095344543,True,,diversity,0.5,0.7900000214576721,,,True,0.5,2.0,0.8169999718666077,0.3175886350870132,0.9814032912254332,43.0,100.0,0.8080000281333923,0.8220000267028809,46197.0,8.727582693099976
cora,6,8,attention,0.1,0.7,0.05,0.2075338387489319,0.9095067977905272,True,,diversity,0.5,0.7739999890327454,,,True,0.5,2.0,0.8199999928474426,0.2919264167547227,0.9872140884399414,25.0,100.0,0.800000011920929,0.8220000267028809,46197.0,8.743186235427856
cora,7,8,attention,0.1,0.7,0.05,0.6660121095180511,0.8874005675315857,True,,diversity,0.5,0.7459999918937683,,,True,0.5,2.0,0.7749999761581421,0.5545687890052796,0.9733548760414124,80.0,100.0,0.7860000133514404,0.8069999814033508,46197.0,8.664642333984375
cora,8,8,attention,0.1,0.7,0.05,0.0970141589641571,0.8566973805427551,True,,diversity,0.5,0.7820000052452087,,,True,0.5,2.0,0.8109999895095825,0.3593947261571884,0.9760029911994934,19.0,100.0,0.8140000104904175,0.8190000057220459,46197.0,8.661465883255005
cora,9,8,attention,0.1,0.7,0.05,0.1980692183971406,0.8777105212211609,True,,diversity,0.5,0.8080000281333923,,,True,0.5,2.0,0.8289999961853027,0.5839410805702209,0.9740228652954102,33.0,100.0,0.8180000185966492,0.828000009059906,46197.0,8.680203199386597
cora,0,8,attention,0.1,0.7,0.05,0.5344045960903169,0.8786167502403259,True,,diversity,0.75,0.722000002861023,,,True,0.5,2.0,0.8180000185966492,0.7768895834684373,0.9707880616188048,76.0,100.0,0.8159999847412109,0.8349999785423279,23109.0,8.343036413192749
cora,1,8,attention,0.1,0.7,0.05,0.097692106962204,0.8134355545043945,True,,diversity,0.75,0.7289999723434448,,,True,0.5,2.0,0.7900000214576721,1.620150777697563,0.6989187002182007,48.0,100.0,0.8059999942779541,0.8199999928474426,23109.0,8.484306335449219
cora,2,8,attention,0.1,0.7,0.05,0.556858532428742,0.8169479370117188,True,,diversity,0.75,0.8029999732971191,,,True,0.5,2.0,0.8209999799728394,0.6867886435985571,0.9753025770187378,98.0,100.0,0.8180000185966492,0.8240000009536743,23109.0,8.385109424591064
cora,3,8,attention,0.1,0.7,0.05,0.0,0.6663789749145508,True,,diversity,0.75,0.7670000195503235,,,True,0.5,2.0,0.8009999990463257,1.5435313516855238,0.7758564949035645,20.0,100.0,0.828000009059906,0.8259999752044678,23109.0,8.37788462638855
cora,4,8,attention,0.1,0.7,0.05,0.6243772888183596,0.8464570641517639,True,,diversity,0.75,0.7879999876022339,,,True,0.5,2.0,0.8119999766349792,0.3473153507709505,0.9804629683494568,86.0,100.0,0.8320000171661377,0.8289999961853027,23109.0,7.978127956390381
cora,5,8,attention,0.1,0.7,0.05,0.2107283937931061,0.8819211721420288,True,,diversity,0.75,0.7839999794960022,,,True,0.5,2.0,0.8169999718666077,0.3175886350870132,0.9814032912254332,31.0,100.0,0.8059999942779541,0.800000011920929,23109.0,8.086360692977905
cora,6,8,attention,0.1,0.7,0.05,0.345662848353386,0.8990017175674438,True,,diversity,0.75,0.7289999723434448,,,True,0.5,2.0,0.8199999928474426,0.2919264167547227,0.9872140884399414,42.0,100.0,0.8119999766349792,0.8169999718666077,23109.0,8.303637981414795
cora,7,8,attention,0.1,0.7,0.05,0.5063221353292466,0.8579795956611633,True,,diversity,0.75,0.746999979019165,,,True,0.5,2.0,0.7749999761581421,0.5545687890052796,0.9733548760414124,79.0,100.0,0.7879999876022339,0.7900000214576721,23109.0,8.213532209396362
cora,8,8,attention,0.1,0.7,0.05,0.190757572054863,0.8869343996047974,True,,diversity,0.75,0.7860000133514404,,,True,0.5,2.0,0.8109999895095825,0.3593947261571884,0.9760029911994934,32.0,100.0,0.8059999942779541,0.8320000171661377,23109.0,8.30236268043518
cora,9,8,attention,0.1,0.7,0.05,0.127747175693512,0.835848867893219,True,,diversity,0.75,0.7770000100135803,,,True,0.5,2.0,0.8289999961853027,0.5839410805702209,0.9740228652954102,34.0,100.0,0.8080000281333923,0.8309999704360962,23109.0,8.259692907333374
cora,5,8,attention,0.1,0.7,0.05,0.4477837866544722,0.8677211403846741,True,,diversity,0.5,0.7900000214576721,,,False,,,0.8169999718666077,0.3175886350870132,0.9814032912254332,58.0,100.0,0.7900000214576721,0.8029999732971191,46197.0,8.770558834075928
cora,6,8,attention,0.1,0.7,0.05,0.666903266310692,0.8274524211883545,True,,diversity,0.5,0.7739999890327454,,,False,,,0.8199999928474426,0.2919264167547227,0.9872140884399414,89.0,100.0,0.7620000243186951,0.7910000085830688,46197.0,8.77916431427002
cora,7,8,attention,0.1,0.7,0.05,0.4426608818769457,0.8345913887023926,True,,diversity,0.5,0.7459999918937683,,,False,,,0.7749999761581421,0.5545687890052796,0.9733548760414124,81.0,100.0,0.7900000214576721,0.7990000247955322,46197.0,8.721415758132935
cora,8,8,attention,0.1,0.7,0.05,0.2568669557571412,0.8399224877357483,True,,diversity,0.5,0.7820000052452087,,,False,,,0.8109999895095825,0.3593947261571884,0.9760029911994934,49.0,100.0,0.8059999942779541,0.8109999895095825,46197.0,8.650247573852539
cora,9,8,attention,0.1,0.7,0.05,0.5040126562118534,0.8249082565307617,True,,diversity,0.5,0.8080000281333923,,,False,,,0.8289999961853027,0.5839410805702209,0.9740228652954102,89.0,100.0,0.7940000295639038,0.8029999732971191,46197.0,8.684810161590576
cora,0,8,attention,0.1,0.7,0.05,0.4820816636085511,0.9517020583152772,True,,,0.75,,,,True,0.5,2.0,0.8180000185966492,,,34.0,100.0,0.8019999861717224,0.8169999718666077,23109.0,8.516875267028809
cora,1,8,attention,0.1,0.7,0.05,0.870462087988854,0.96306174993515,True,,,0.75,,,,True,0.5,2.0,0.7900000214576721,,,62.0,100.0,0.8119999766349792,0.8309999704360962,23109.0,8.262888669967651
cora,2,8,attention,0.1,0.7,0.05,1.0238955694437024,0.9492274522781372,True,,,0.75,,,,True,0.5,2.0,0.8209999799728394,,,76.0,100.0,0.8220000267028809,0.8420000076293945,23109.0,8.347768545150757
cora,3,8,attention,0.1,0.7,0.05,0.6023803693056107,0.9313864707946776,True,,,0.75,,,,True,0.5,2.0,0.8009999990463257,,,47.0,100.0,0.8360000252723694,0.8399999737739563,23109.0,8.292518377304077
cora,4,8,attention,0.1,0.7,0.05,0.9846808725595476,0.7770707011222839,True,,,0.75,,,,True,0.5,2.0,0.8119999766349792,,,90.0,100.0,0.8320000171661377,0.8330000042915344,23109.0,8.367907047271729
cora,5,8,attention,0.1,0.7,0.05,1.1334554034471516,0.9632121324539183,True,,,0.75,,,,True,0.5,2.0,0.8169999718666077,,,81.0,100.0,0.7960000038146973,0.8240000009536743,23109.0,8.490161418914795
cora,6,8,attention,0.1,0.7,0.05,0.7407366979122163,0.9300920367240906,True,,,0.75,,,,True,0.5,2.0,0.8199999928474426,,,56.0,100.0,0.8199999928474426,0.8339999914169312,23109.0,8.308268547058105
cora,7,8,attention,0.1,0.7,0.05,0.88146262049675,0.8435383439064026,True,,,0.75,,,,True,0.5,2.0,0.7749999761581421,,,71.0,100.0,0.7979999780654907,0.8059999942779541,23109.0,8.55556058883667
cora,8,8,attention,0.1,0.7,0.05,0.769927069544792,0.9060274958610536,True,,,0.75,,,,True,0.5,2.0,0.8109999895095825,,,59.0,100.0,0.8220000267028809,0.8209999799728394,23109.0,8.427801609039307
cora,9,8,attention,0.1,0.7,0.05,0.8129841071367266,0.9267746806144714,True,,,0.75,,,,True,0.5,2.0,0.8289999961853027,,,62.0,100.0,0.8259999752044678,0.8399999737739563,23109.0,8.422579765319824
cora,0,8,attention,0.1,0.7,0.05,0.7925843787193302,0.9628756642341614,True,,,0.5,,,,True,0.5,2.0,0.8180000185966492,,,57.0,100.0,0.8040000200271606,0.8190000057220459,46197.0,8.79906153678894
cora,1,8,attention,0.1,0.7,0.05,0.2148091793060303,0.9742808938026428,True,,,0.5,,,,True,0.5,2.0,0.7900000214576721,,,14.0,100.0,0.8199999928474426,0.8259999752044678,46197.0,9.080134391784668
cora,2,8,attention,0.1,0.7,0.05,0.6796441954374316,0.979844331741333,True,,,0.5,,,,True,0.5,2.0,0.8209999799728394,,,47.0,100.0,0.8100000023841858,0.8230000138282776,46197.0,7.09370756149292
cora,3,8,attention,0.1,0.7,0.05,0.5494298160076143,0.9591183066368104,True,,,0.5,,,,True,0.5,2.0,0.8009999990463257,,,39.0,100.0,0.8220000267028809,0.8370000123977661,46197.0,7.024436235427856
cora,4,8,attention,0.1,0.7,0.05,0.8532091742753983,0.9471969604492188,True,,,0.5,,,,True,0.5,2.0,0.8119999766349792,,,63.0,100.0,0.8360000252723694,0.8339999914169312,46197.0,7.1329076290130615
cora,5,8,attention,0.1,0.7,0.05,0.5321079206466676,0.9667670130729676,True,,,0.5,,,,True,0.5,2.0,0.8169999718666077,,,37.0,100.0,0.8199999928474426,0.8259999752044678,46197.0,6.91927170753479
cora,6,8,attention,0.1,0.7,0.05,0.2145129472017288,0.9769724011421204,True,,,0.5,,,,True,0.5,2.0,0.8199999928474426,,,14.0,100.0,0.8259999752044678,0.828000009059906,46197.0,6.893409013748169
cora,7,8,attention,0.1,0.7,0.05,0.555221343636513,0.9754559397697448,True,,,0.5,,,,True,0.5,2.0,0.7749999761581421,,,38.0,100.0,0.800000011920929,0.8059999942779541,46197.0,7.099501609802246
cora,8,8,attention,0.1,0.7,0.05,0.5844889324903491,0.9629147052764891,True,,,0.5,,,,True,0.5,2.0,0.8109999895095825,,,42.0,100.0,0.8199999928474426,0.8100000023841858,46197.0,8.967832803726196
cora,9,8,attention,0.1,0.7,0.05,0.5696905243396759,0.959606409072876,True,,,0.5,,,,True,0.5,2.0,0.8289999961853027,,,41.0,100.0,0.8159999847412109,0.8389999866485596,46197.0,9.721825361251833
cora,0,8,attention,0.1,0.7,0.05,0.39029791533947,0.9809330105781556,True,,,,,,,False,,,,,,26.0,127.0,0.8100000619888306,0.815000057220459,92373.0,2.530945301055908
cora,1,8,attention,0.1,0.7,0.05,0.834755432605743,0.9611871242523192,True,,,,,,,False,,,,,,59.0,160.0,0.7860000133514404,0.7870000600814819,92373.0,2.4394123554229736
cora,2,8,attention,0.1,0.7,0.05,1.2760980355739588,0.9024711847305298,True,,,,,,,False,,,,,,96.0,197.0,0.8140000104904175,0.8180000185966492,92373.0,3.0905137062072754
cora,3,8,attention,0.1,0.7,0.05,1.1240560448169707,0.9307480454444884,True,,,,,,,False,,,,,,83.0,184.0,0.8080000281333923,0.8110000491142273,92373.0,3.050479888916016
cora,4,8,attention,0.1,0.7,0.05,0.3719423288106919,0.9743587374687196,True,,,,,,,False,,,,,,25.0,126.0,0.8080000281333923,0.8130000233650208,92373.0,2.328721284866333
cora,5,8,attention,0.1,0.7,0.05,0.2882825911045075,0.981306254863739,True,,,,,,,False,,,,,,19.0,120.0,0.8100000619888306,0.8080000281333923,92373.0,2.2700138092041016
cora,6,8,attention,0.1,0.7,0.05,1.115004951953888,0.9329975843429564,True,,,,,,,False,,,,,,82.0,183.0,0.8020000457763672,0.8090000152587891,92373.0,3.3613293170928955
cora,7,8,attention,0.1,0.7,0.05,1.5897630792856212,0.7562936544418335,True,,,,,,,False,,,,,,142.0,200.0,0.7760000228881836,0.7970000505447388,92373.0,3.60924220085144
cora,8,8,attention,0.1,0.7,0.05,0.935821164250374,0.9404411911964417,True,,,,,,,False,,,,,,68.0,169.0,0.812000036239624,0.812000036239624,92373.0,2.925004243850708
cora,9,8,attention,0.1,0.7,0.05,0.4447146052122118,0.978881061077118,True,,,,,,,False,,,,,,30.0,131.0,0.8020000457763672,0.8090000152587891,92373.0,2.3698670864105225
multi30k,0,8,none,0.1,0.7,0.05,0.1,,False,,,,,,,False,,,,,,0.0,50.0,58.44356470407897,14.766123495157348,10105664.0,1790.533709526062
multi30k,1,8,none,0.1,0.7,0.05,0.1,,False,,,,,,,False,,,,,,4.0,50.0,31.52861344254502,10.770240491635168,10105664.0,1777.7669651508331
multi30k,2,8,none,0.1,0.7,0.05,0.1,,False,,,,,,,False,,,,,,0.0,50.0,37.09723313682505,9.473323932047991,10105664.0,1797.0468628406525
multi30k,3,8,none,0.1,0.7,0.05,0.1,,False,,,,,,,False,,,,,,1.0,50.0,31.453275715576925,9.664800959723069,10105664.0,1781.6617534160614
multi30k,4,8,none,0.1,0.7,0.05,0.1,,False,,,,,,,False,,,,,,3.0,50.0,31.74099465028153,7.764975754485055,10105664.0,1694.3796048164368
multi30k,0,8,attention,0.1,0.7,0.05,0.0,0.4999658763408661,True,,,,,,,False,,,,,,15.0,50.0,43.94486478519893,13.977755155410732,10105664.0,1747.0942232608795
multi30k,1,8,attention,0.1,0.7,0.05,0.0,0.48719522356987,True,,,,,,,False,,,,,,8.0,50.0,31.747523704344875,13.219344650930578,10105664.0,1790.964269399643
multi30k,2,8,attention,0.1,0.7,0.05,0.0209393543004989,0.6817829608917236,True,,,,,,,False,,,,,,2.0,50.0,21.631187459215717,10.695860479627838,10105664.0,1731.8679778575895
multi30k,3,8,attention,0.1,0.7,0.05,0.0138289505243301,0.9765790104866028,True,,,,,,,False,,,,,,0.0,50.0,57.21248424548516,12.761151535061618,10105664.0,1710.937716960907
multi30k,4,8,attention,0.1,0.7,0.05,0.0184788596630096,0.6738054156303406,True,,,,,,,False,,,,,,2.0,50.0,37.1144803543848,18.25741858350554,10105664.0,1714.6468670368197
multi30k,5,8,attention,0.1,0.7,0.05,0.0009761220216751,0.5170714855194092,True,,,,,,,False,,,,,,3.0,50.0,35.45968452939003,7.96608413499638,10105664.0,1720.8444108963013
multi30k,0,8,attention,20.0,0.7,0.05,20.0,0.4903171956539154,False,,,,,,,False,,,,,,2.0,50.0,39.846811316275854,20.92099685799911,10105664.0,1726.287273645401
multi30k,1,8,attention,20.0,0.7,0.05,20.0,0.1936733424663543,False,,,,,,,False,,,,,,38.0,50.0,64.34588841607616,47.40604259878137,10105664.0,1428.354192495346
multi30k,2,8,attention,20.0,0.7,0.05,20.0,0.2381792813539505,False,,,,,,,False,,,,,,4.0,50.0,29.494729140780954,6.667753529251712,10105664.0,1755.011378288269
multi30k,3,8,attention,20.0,0.7,0.05,20.0,0.2115044146776199,False,,,,,,,False,,,,,,25.0,50.0,39.129502995845804,9.846107951428584,10105664.0,1660.230568408966
multi30k,4,8,attention,20.0,0.7,0.05,20.0,0.1634017676115036,False,,,,,,,False,,,,,,30.0,50.0,54.10822690539397,33.521134190816646,10105664.0,1386.1973750591278
cora,0,8,attention,0.1,0.7,0.05,0.30708661417322836,0.9813154935836792,False,linear,,,,,,False,,,,,,26.0,127.0,0.8100000619888306,0.815000057220459,92373.0,2.3079371452331543
cora,1,8,attention,0.1,0.7,0.05,0.7086614173228346,0.9642395973205566,False,linear,,,,,,False,,,,,,60.0,161.0,0.784000039100647,0.7860000133514404,92373.0,3.307487964630127
cora,2,8,attention,0.1,0.7,0.05,1.1220472440944882,0.920059323310852,False,linear,,,,,,False,,,,,,95.0,196.0,0.8140000104904175,0.8180000185966492,92373.0,4.8012964725494385
cora,3,8,attention,0.1,0.7,0.05,0.968503937007874,0.9438216090202332,False,linear,,,,,,False,,,,,,82.0,183.0,0.8080000281333923,0.8100000619888306,92373.0,2.8624629974365234
cora,4,8,attention,0.1,0.7,0.05,1.2519685039370079,0.8840343356132507,False,linear,,,,,,False,,,,,,106.0,200.0,0.812000036239624,0.8210000395774841,92373.0,3.011195182800293
cora,5,8,attention,0.1,0.7,0.05,0.22440944881889766,0.9815136194229126,False,linear,,,,,,False,,,,,,19.0,120.0,0.8080000281333923,0.8090000152587891,92373.0,2.029749870300293
cora,6,8,attention,0.1,0.7,0.05,0.9803149606299212,0.9405249357223511,False,linear,,,,,,False,,,,,,83.0,184.0,0.800000011920929,0.8090000152587891,92373.0,2.785789728164673
cora,7,8,attention,0.1,0.7,0.05,1.9606299212598424,0.6973111629486084,False,linear,,,,,,False,,,,,,166.0,200.0,0.7780000567436218,0.7950000166893005,92373.0,4.1133177280426025
cora,8,8,attention,0.1,0.7,0.05,0.7913385826771653,0.9480867385864258,False,linear,,,,,,False,,,,,,67.0,168.0,0.8100000619888306,0.8090000152587891,92373.0,3.107736825942993
cora,9,8,attention,0.1,0.7,0.05,0.3543307086614173,0.9794729351997375,False,linear,,,,,,False,,,,,,30.0,131.0,0.800000011920929,0.8110000491142273,92373.0,2.230799436569214
cora,0,8,attention,0.1,0.7,0.05,1.1323283910751343,0.9701759219169617,False,kendall,,,,,,False,,,,,,26.0,127.0,0.812000036239624,0.8130000233650208,92373.0,2.2204842567443848
cora,1,8,attention,0.1,0.7,0.05,1.788962721824646,0.6264922618865967,False,kendall,,,,,,False,,,,,,145.0,200.0,0.7920000553131104,0.7990000247955322,92373.0,3.282763719558716
cora,2,8,attention,0.1,0.7,0.05,1.5899641513824463,0.7006705403327942,False,kendall,,,,,,False,,,,,,119.0,200.0,0.8100000619888306,0.8220000267028809,92373.0,3.356265068054199
cora,3,8,attention,0.1,0.7,0.05,1.189303994178772,0.9474389553070068,False,kendall,,,,,,False,,,,,,38.0,139.0,0.7980000376701355,0.8050000667572021,92373.0,3.1012165546417236
cora,4,8,attention,0.1,0.7,0.05,1.1082206964492798,0.9694778323173523,False,kendall,,,,,,False,,,,,,21.0,122.0,0.8080000281333923,0.8240000605583191,92373.0,2.1342453956604004
cora,5,8,attention,0.1,0.7,0.05,1.0926560163497925,0.9754963517189026,False,kendall,,,,,,False,,,,,,18.0,119.0,0.8060000538825989,0.8020000457763672,92373.0,2.121506929397583
cora,6,8,attention,0.1,0.7,0.05,1.1622337102890015,0.959061324596405,False,kendall,,,,,,False,,,,,,32.0,133.0,0.7980000376701355,0.8170000314712524,92373.0,2.324068307876587
cora,7,8,attention,0.1,0.7,0.05,2.1573896408081055,0.5319637060165405,False,kendall,,,,,,False,,,,,,194.0,200.0,0.7780000567436218,0.7830000519752502,92373.0,3.7958667278289795
cora,8,8,attention,0.1,0.7,0.05,1.349755048751831,0.8410317897796631,False,kendall,,,,,,False,,,,,,74.0,175.0,0.8140000104904175,0.8090000152587891,92373.0,3.3440825939178467
cora,9,8,attention,0.1,0.7,0.05,1.1533851623535156,0.9639689922332764,False,kendall,,,,,,False,,,,,,30.0,131.0,0.7980000376701355,0.8090000152587891,92373.0,2.2843852043151855
cora,0,8,attention,0.1,0.7,0.05,1.9534405479227002,0.8096514344215393,False,gradnorm,,,,,,False,,,,,,33.0,134.0,0.7880000472068787,0.7790000438690186,92373.0,3.4844985008239746
cora,1,8,attention,0.1,0.7,0.05,1.9536469769033313,0.31048810482025146,False,gradnorm,,,,,,False,,,,,,179.0,200.0,0.7820000648498535,0.7910000085830688,92373.0,4.990642547607422
cora,2,8,attention,0.1,0.7,0.05,1.9536304592353184,0.30944615602493286,False,gradnorm,,,,,,False,,,,,,176.0,200.0,0.7820000648498535,0.7910000085830688,92373.0,4.918538570404053
cora,3,8,attention,0.1,0.7,0.05,1.9532765582887182,0.9103681445121765,False,gradnorm,,,,,,False,,,,,,24.0,125.0,0.7720000147819519,0.7740000486373901,92373.0,3.282421588897705
cora,4,8,attention,0.1,0.7,0.05,1.9534111825263352,0.9554320573806763,False,gradnorm,,,,,,False,,,,,,16.0,117.0,0.8180000185966492,0.8090000152587891,92373.0,3.4572508335113525
cora,5,8,attention,0.1,0.7,0.05,1.9533929800543384,0.7532947063446045,False,gradnorm,,,,,,False,,,,,,34.0,135.0,0.784000039100647,0.7760000228881836,92373.0,4.694087982177734
cora,6,8,attention,0.1,0.7,0.05,1.9533975973176674,0.864709734916687,False,gradnorm,,,,,,False,,,,,,28.0,129.0,0.7980000376701355,0.8240000605583191,92373.0,3.7424445152282715
cora,7,8,attention,0.1,0.7,0.05,1.953347630407794,0.8845460414886475,False,gradnorm,,,,,,False,,,,,,25.0,126.0,0.7780000567436218,0.781000018119812,92373.0,3.2928519248962402
cora,8,8,attention,0.1,0.7,0.05,1.9531723884854608,0.7471615672111511,False,gradnorm,,,,,,False,,,,,,35.0,136.0,0.784000039100647,0.784000039100647,92373.0,3.5102362632751465
cora,9,8,attention,0.1,0.7,0.05,1.9535812765463096,0.3873607814311981,False,gradnorm,,,,,,False,,,,,,87.0,188.0,0.8040000200271606,0.7950000166893005,92373.0,4.740908861160278
citeseer,0,8,attention,0.1,0.7,0.05,0.12992125984251968,0.9906604290008545,False,linear,,,,,,False,,,,,,11.0,112.0,0.7080000042915344,0.7070000171661377,237586.0,2.201404333114624
citeseer,1,8,attention,0.1,0.7,0.05,0.27165354330708663,0.9892902970314026,False,linear,,,,,,False,,,,,,23.0,124.0,0.6820000410079956,0.690000057220459,237586.0,2.372447967529297
citeseer,2,8,attention,0.1,0.7,0.05,1.5,0.8508684039115906,False,linear,,,,,,False,,,,,,127.0,200.0,0.7140000462532043,0.6910000443458557,237586.0,3.666923761367798
citeseer,3,8,attention,0.1,0.7,0.05,0.09448818897637795,0.9922385215759277,False,linear,,,,,,False,,,,,,8.0,109.0,0.6980000138282776,0.6890000104904175,237586.0,2.3654632568359375
citeseer,4,8,attention,0.1,0.7,0.05,0.24803149606299213,0.9895499348640442,False,linear,,,,,,False,,,,,,21.0,122.0,0.706000030040741,0.6890000104904175,237586.0,2.646838426589966
citeseer,5,8,attention,0.1,0.7,0.05,0.1062992125984252,0.9913759827613831,False,linear,,,,,,False,,,,,,9.0,110.0,0.6940000057220459,0.6720000505447388,237586.0,2.1751677989959717
citeseer,6,8,attention,0.1,0.7,0.05,0.1653543307086614,0.990803062915802,False,linear,,,,,,False,,,,,,14.0,115.0,0.706000030040741,0.6980000138282776,237586.0,2.217465400695801
citeseer,7,8,attention,0.1,0.7,0.05,0.22440944881889766,0.9871443510055542,False,linear,,,,,,False,,,,,,19.0,120.0,0.718000054359436,0.6790000200271606,237586.0,2.298048496246338
citeseer,8,8,attention,0.1,0.7,0.05,0.1653543307086614,0.9889127612113953,False,linear,,,,,,False,,,,,,14.0,115.0,0.7000000476837158,0.6970000267028809,237586.0,2.7352919578552246
citeseer,9,8,attention,0.1,0.7,0.05,0.14173228346456693,0.9908214807510376,False,linear,,,,,,False,,,,,,12.0,113.0,0.6860000491142273,0.6820000410079956,237586.0,2.247180938720703
citeseer,0,8,attention,0.1,0.7,0.05,1.0457545518875122,0.9875350594520569,False,kendall,,,,,,False,,,,,,9.0,110.0,0.706000030040741,0.6950000524520874,237586.0,2.2035863399505615
citeseer,1,8,attention,0.1,0.7,0.05,1.1126850843429565,0.9831988215446472,False,kendall,,,,,,False,,,,,,22.0,123.0,0.6860000491142273,0.6790000200271606,237586.0,2.4476163387298584
citeseer,2,8,attention,0.1,0.7,0.05,1.365601897239685,0.827574610710144,False,kendall,,,,,,False,,,,,,76.0,177.0,0.706000030040741,0.6760000586509705,237586.0,3.8031692504882812
citeseer,3,8,attention,0.1,0.7,0.05,1.0405874252319336,0.9882429838180542,False,kendall,,,,,,False,,,,,,8.0,109.0,0.6980000138282776,0.6880000233650208,237586.0,2.726553201675415
citeseer,4,8,attention,0.1,0.7,0.05,1.0973126888275146,0.9848887920379639,False,kendall,,,,,,False,,,,,,19.0,120.0,0.7020000219345093,0.6890000104904175,237586.0,2.4471027851104736
citeseer,5,8,attention,0.1,0.7,0.05,1.0509393215179443,0.9861878156661987,False,kendall,,,,,,False,,,,,,10.0,111.0,0.6960000395774841,0.6730000376701355,237586.0,2.358955144882202
citeseer,6,8,attention,0.1,0.7,0.05,1.0716822147369385,0.9848105907440186,False,kendall,,,,,,False,,,,,,14.0,115.0,0.706000030040741,0.6920000314712524,237586.0,2.3537421226501465
citeseer,7,8,attention,0.1,0.7,0.05,1.0973762273788452,0.9754351377487183,False,kendall,,,,,,False,,,,,,19.0,120.0,0.7120000123977661,0.6850000619888306,237586.0,2.9689013957977295
citeseer,8,8,attention,0.1,0.7,0.05,1.0612808465957642,0.9843356609344482,False,kendall,,,,,,False,,,,,,12.0,113.0,0.6980000138282776,0.703000009059906,237586.0,2.3257999420166016
citeseer,9,8,attention,0.1,0.7,0.05,1.0612599849700928,0.9845777750015259,False,kendall,,,,,,False,,,,,,12.0,113.0,0.690000057220459,0.6860000491142273,237586.0,2.4494967460632324
citeseer,0,8,attention,0.1,0.7,0.05,1.9536436226031828,0.37582162022590637,False,gradnorm,,,,,,False,,,,,,188.0,200.0,0.6980000138282776,0.6790000200271606,237586.0,5.746851921081543
citeseer,1,8,attention,0.1,0.7,0.05,1.9535428359428364,0.9458251595497131,False,gradnorm,,,,,,False,,,,,,21.0,122.0,0.6640000343322754,0.6420000195503235,237586.0,3.8048205375671387
citeseer,2,8,attention,0.1,0.7,0.05,1.9535244646749663,0.9434779286384583,False,gradnorm,,,,,,False,,,,,,16.0,117.0,0.6940000057220459,0.6920000314712524,237586.0,3.5914745330810547
citeseer,3,8,attention,0.1,0.7,0.05,1.9535504543714175,0.9648033380508423,False,gradnorm,,,,,,False,,,,,,13.0,114.0,0.6760000586509705,0.6780000329017639,237586.0,3.5851848125457764
citeseer,4,8,attention,0.1,0.7,0.05,1.9535653720525403,0.4572478234767914,False,gradnorm,,,,,,False,,,,,,89.0,190.0,0.7040000557899475,0.6690000295639038,237586.0,5.820437431335449
citeseer,5,8,attention,0.1,0.7,0.05,1.9535662699814778,0.9618075489997864,False,gradnorm,,,,,,False,,,,,,14.0,115.0,0.6960000395774841,0.6680000424385071,237586.0,3.662653923034668
citeseer,6,8,attention,0.1,0.7,0.05,1.9536565319105608,0.379942387342453,False,gradnorm,,,,,,False,,,,,,177.0,200.0,0.7080000042915344,0.6850000619888306,237586.0,6.4597344398498535
citeseer,7,8,attention,0.1,0.7,0.05,1.953632420680945,0.4697573482990265,False,gradnorm,,,,,,False,,,,,,76.0,177.0,0.6960000395774841,0.6740000247955322,237586.0,5.51606559753418
citeseer,8,8,attention,0.1,0.7,0.05,1.9536468389503203,0.4148765802383423,False,gradnorm,,,,,,False,,,,,,117.0,200.0,0.7020000219345093,0.6690000295639038,237586.0,6.0684003829956055
citeseer,9,8,attention,0.1,0.7,0.05,1.9535885206302452,0.9636588096618652,False,gradnorm,,,,,,False,,,,,,13.0,114.0,0.6920000314712524,0.6800000071525574,237586.0,3.5167908668518066
pubmed,0,8,attention,0.1,0.7,0.05,1.0511811023622046,0.9983075857162476,False,linear,,,,,,False,,,,,,89.0,190.0,0.7940000295639038,0.7770000100135803,32393.0,5.104530334472656
pubmed,1,8,attention,0.1,0.7,0.05,1.7598425196850394,0.9943691492080688,False,linear,,,,,,False,,,,,,149.0,200.0,0.800000011920929,0.7740000486373901,32393.0,5.327351808547974
pubmed,2,8,attention,0.1,0.7,0.05,2.1968503937007875,0.9916279911994934,False,linear,,,,,,False,,,,,,186.0,200.0,0.7900000214576721,0.7750000357627869,32393.0,5.443220138549805
pubmed,3,8,attention,0.1,0.7,0.05,1.0511811023622046,0.998854398727417,False,linear,,,,,,False,,,,,,89.0,190.0,0.7940000295639038,0.76500004529953,32393.0,5.17939019203186
pubmed,4,8,attention,0.1,0.7,0.05,2.161417322834646,0.9896916151046753,False,linear,,,,,,False,,,,,,183.0,200.0,0.7920000553131104,0.76500004529953,32393.0,5.441582679748535
pubmed,5,8,attention,0.1,0.7,0.05,1.8188976377952757,0.9960029125213623,False,linear,,,,,,False,,,,,,154.0,200.0,0.796000063419342,0.7670000195503235,32393.0,5.419065713882446
pubmed,6,8,attention,0.1,0.7,0.05,1.736220472440945,0.996168851852417,False,linear,,,,,,False,,,,,,147.0,200.0,0.7880000472068787,0.7730000615119934,32393.0,5.414612054824829
pubmed,7,8,attention,0.1,0.7,0.05,1.3818897637795275,0.998507022857666,False,linear,,,,,,False,,,,,,117.0,200.0,0.8060000538825989,0.7910000085830688,32393.0,5.523396015167236
pubmed,8,8,attention,0.1,0.7,0.05,1.3228346456692912,0.9979993104934692,False,linear,,,,,,False,,,,,,112.0,200.0,0.784000039100647,0.7670000195503235,32393.0,5.4097580909729
pubmed,9,8,attention,0.1,0.7,0.05,2.232283464566929,0.9926797151565552,False,linear,,,,,,False,,,,,,189.0,200.0,0.7900000214576721,0.7690000534057617,32393.0,5.477861166000366
pubmed,0,8,attention,0.1,0.7,0.05,1.25538170337677,0.9983651638031006,False,kendall,,,,,,False,,,,,,89.0,190.0,0.796000063419342,0.7790000438690186,32393.0,5.318347692489624
pubmed,1,8,attention,0.1,0.7,0.05,1.256778597831726,0.992699921131134,False,kendall,,,,,,False,,,,,,171.0,200.0,0.800000011920929,0.7770000100135803,32393.0,5.5343146324157715
pubmed,2,8,attention,0.1,0.7,0.05,1.2582802772521973,0.9925998449325562,False,kendall,,,,,,False,,,,,,185.0,200.0,0.7880000472068787,0.7720000147819519,32393.0,5.576064348220825
pubmed,3,8,attention,0.1,0.7,0.05,1.2549691200256348,0.9987877607345581,False,kendall,,,,,,False,,,,,,93.0,194.0,0.7940000295639038,0.7670000195503235,32393.0,5.390283584594727
pubmed,4,8,attention,0.1,0.7,0.05,1.2609871625900269,0.9907824993133545,False,kendall,,,,,,False,,,,,,182.0,200.0,0.7940000295639038,0.7720000147819519,32393.0,5.602729082107544
pubmed,5,8,attention,0.1,0.7,0.05,1.2541227340698242,0.9957376718521118,False,kendall,,,,,,False,,,,,,158.0,200.0,0.796000063419342,0.7720000147819519,32393.0,5.616816520690918
pubmed,6,8,attention,0.1,0.7,0.05,1.253859519958496,0.9963061809539795,False,kendall,,,,,,False,,,,,,146.0,200.0,0.7880000472068787,0.7750000357627869,32393.0,5.580289125442505
pubmed,7,8,attention,0.1,0.7,0.05,1.252347707748413,0.9987207055091858,False,kendall,,,,,,False,,,,,,110.0,200.0,0.8060000538825989,0.7880000472068787,32393.0,5.73750114440918
pubmed,8,8,attention,0.1,0.7,0.05,1.2547856569290161,0.995389997959137,False,kendall,,,,,,False,,,,,,164.0,200.0,0.7860000133514404,0.7590000629425049,32393.0,5.653045177459717
pubmed,9,8,attention,0.1,0.7,0.05,1.252980351448059,0.996082067489624,False,kendall,,,,,,False,,,,,,149.0,200.0,0.7900000214576721,0.7710000276565552,32393.0,5.643409729003906
pubmed,0,8,attention,0.1,0.7,0.05,1.9537836157651942,0.9999992251396179,False,gradnorm,,,,,,False,,,,,,194.0,200.0,0.7920000553131104,0.7560000419616699,32393.0,9.144103765487671
pubmed,1,8,attention,0.1,0.7,0.05,1.9537834183135778,0.9999992251396179,False,gradnorm,,,,,,False,,,,,,193.0,200.0,0.7920000553131104,0.7690000534057617,32393.0,9.21112322807312
pubmed,2,8,attention,0.1,0.7,0.05,1.9537820611154928,0.9999969005584717,False,gradnorm,,,,,,False,,,,,,117.0,200.0,0.796000063419342,0.7610000371932983,32393.0,8.842012405395508
pubmed,3,8,attention,0.1,0.7,0.05,1.953782913352312,0.999998927116394,False,gradnorm,,,,,,False,,,,,,164.0,200.0,0.7920000553131104,0.7560000419616699,32393.0,9.000474214553833
pubmed,4,8,attention,0.1,0.7,0.05,1.9537830824006432,0.9999978542327881,False,gradnorm,,,,,,False,,,,,,174.0,200.0,0.800000011920929,0.76500004529953,32393.0,9.022847414016724
pubmed,5,8,attention,0.1,0.7,0.05,1.953783355116505,0.9999992251396179,False,gradnorm,,,,,,False,,,,,,181.0,200.0,0.800000011920929,0.7730000615119934,32393.0,9.344954252243042
pubmed,6,8,attention,0.1,0.7,0.05,1.953780137684849,0.9999932050704956,False,gradnorm,,,,,,False,,,,,,74.0,175.0,0.7820000648498535,0.7520000338554382,32393.0,7.87899112701416
pubmed,7,8,attention,0.1,0.7,0.05,1.9537836798054966,0.9999985694885254,False,gradnorm,,,,,,False,,,,,,185.0,200.0,0.800000011920929,0.7620000243186951,32393.0,9.192480087280273
pubmed,8,8,attention,0.1,0.7,0.05,1.9537825937562736,0.9999988079071045,False,gradnorm,,,,,,False,,,,,,173.0,200.0,0.796000063419342,0.7590000629425049,32393.0,9.218126058578491
pubmed,9,8,attention,0.1,0.7,0.05,1.953783113070483,0.9999991059303284,False,gradnorm,,,,,,False,,,,,,165.0,200.0,0.7980000376701355,0.7540000081062317,32393.0,9.154251337051392
cora,0,8,attention,0.1,0.7,0.05,0.9810746192932132,0.7409608364105225,False,controller,diversity,0.75,0.812000036239624,best,0.9809330105781555,False,,,0.815000057220459,0.3902979063987733,0.9815004467964172,99.0,100.0,0.8080000281333923,0.812000036239624,23109.0,1.597996473312378
cora,1,8,attention,0.1,0.7,0.05,0.9347802674770358,0.6961848139762878,False,controller,diversity,0.75,0.7520000338554382,best,0.9611871838569641,False,,,0.7870000600814819,0.8347554475069044,0.9619337320327759,98.0,100.0,0.800000011920929,0.8070000410079956,23109.0,2.0580217838287354
cora,2,8,attention,0.1,0.7,0.05,0.15253105819225315,0.8474853038787842,False,controller,diversity,0.75,0.8070000410079956,best,0.9024711847305298,False,,,0.8180000185966492,1.276098035573959,0.9048143625259399,23.0,100.0,0.8040000200271606,0.7970000505447388,23109.0,1.5759809017181396
cora,3,8,attention,0.1,0.7,0.05,0.8027643561363225,0.7947412729263306,False,controller,diversity,0.75,0.7640000581741333,best,0.9307354688644409,False,,,0.8110000491142273,1.1240498638153078,0.9323155879974365,84.0,100.0,0.7880000472068787,0.8070000410079956,23109.0,1.5692498683929443
cora,4,8,attention,0.1,0.7,0.05,0.10941678345203401,0.929974377155304,False,controller,diversity,0.75,0.7780000567436218,best,0.9743587374687195,False,,,0.8130000233650208,0.3719423258304597,0.9753196239471436,8.0,100.0,0.800000011920929,0.7950000166893005,23109.0,1.5743913650512695
cora,5,8,attention,0.1,0.7,0.05,0.7424015259742739,0.830248236656189,False,controller,diversity,0.75,0.7760000228881836,best,0.9813063144683838,False,,,0.8080000281333923,0.2882825911045075,0.9820671677589417,68.0,100.0,0.7920000553131104,0.812000036239624,23109.0,2.0569210052490234
cora,6,8,attention,0.1,0.7,0.05,0.4705724203586581,0.8742099404335022,False,controller,diversity,0.75,0.7380000352859497,best,0.9329975843429565,False,,,0.8090000152587891,1.115004937052727,0.9342616200447083,50.0,100.0,0.7940000295639038,0.812000036239624,23109.0,1.6593904495239258
cora,7,8,attention,0.1,0.7,0.05,0.31622916102409376,0.7540885210037231,False,controller,diversity,0.75,0.7660000324249268,best,0.7562936544418335,False,,,0.7970000505447388,1.5897630643844591,0.759390115737915,82.0,100.0,0.7920000553131104,0.7990000247955322,23109.0,1.5600669384002686
cora,8,8,attention,0.1,0.7,0.05,0.9693415588140488,0.8358960747718811,False,controller,diversity,0.75,0.8030000329017639,best,0.9404411911964417,False,,,0.812000036239624,0.9358211523294453,0.9417896866798401,88.0,100.0,0.7940000295639038,0.7910000085830688,23109.0,1.627957820892334
cora,9,8,attention,0.1,0.7,0.05,0.01316105961799622,0.9652038812637329,False,controller,diversity,0.75,0.8010000586509705,best,0.9788810610771179,False,,,0.8090000152587891,0.44471460521221173,0.979439914226532,0.0,100.0,0.7920000553131104,0.800000011920929,23109.0,1.970003366470337
cora,0,8,attention,0.1,0.7,0.05,0.1961364144086839,0.8464160561561584,False,controller,diversity,0.75,0.7270000576972961,late_min_div,0.7901014685630798,False,,,0.7920000553131104,1.5029937404394156,0.7944861054420471,47.0,100.0,0.8180000185966492,0.8260000348091125,23109.0,1.6034414768218994
cora,1,8,attention,0.1,0.7,0.05,0.16830299258232123,0.8248217105865479,False,controller,diversity,0.75,0.7850000262260437,late_min_div,0.7061725854873657,False,,,0.781000018119812,1.622679224610328,0.7089824080467224,66.0,100.0,0.7980000376701355,0.8170000314712524,23109.0,1.682664155960083
cora,2,8,attention,0.1,0.7,0.05,0.0,0.5824897289276123,False,controller,diversity,0.75,0.7590000629425049,late_min_div,0.6100443005561829,False,,,0.7970000505447388,1.5154432612657542,0.6109737753868103,23.0,100.0,0.7860000133514404,0.7870000600814819,23109.0,1.5748586654663086
cora,3,8,attention,0.1,0.7,0.05,0.23832170367240918,0.807188868522644,False,controller,diversity,0.75,0.7190000414848328,late_min_div,0.6168888807296753,False,,,0.7930000424385071,1.5328933781385419,0.6192548274993896,74.0,100.0,0.8020000457763672,0.8190000653266907,23109.0,2.1582109928131104
cora,4,8,attention,0.1,0.7,0.05,0.029473314881324802,0.7826050519943237,False,controller,diversity,0.75,0.7760000228881836,late_min_div,0.7984108328819275,False,,,0.8040000200271606,1.4532869005203248,0.8021107316017151,14.0,100.0,0.8020000457763672,0.796000063419342,23109.0,1.637686014175415
cora,5,8,attention,0.1,0.7,0.05,0.5868289697170259,0.802674412727356,False,controller,diversity,0.75,0.7890000343322754,late_min_div,0.8232821226119995,False,,,0.8110000491142273,1.4377038091421128,0.8266989588737488,96.0,100.0,0.7980000376701355,0.8050000667572021,23109.0,1.5359771251678467
cora,6,8,attention,0.1,0.7,0.05,0.18159107565879834,0.7939336895942688,False,controller,diversity,0.75,0.7540000081062317,late_min_div,0.6466180682182312,False,,,0.8020000457763672,1.643007440567015,0.6491320133209229,90.0,100.0,0.7940000295639038,0.8100000619888306,23109.0,1.573009967803955
cora,7,8,attention,0.1,0.7,0.05,0.0,0.6741694211959839,False,controller,diversity,0.75,0.7690000534057617,late_min_div,0.6264503002166748,False,,,0.7930000424385071,1.548405563831328,0.62831050157547,29.0,100.0,0.7900000214576721,0.800000011920929,23109.0,1.926374912261963
cora,8,8,attention,0.1,0.7,0.05,0.12572092831134807,0.7978367209434509,False,controller,diversity,0.75,0.7720000147819519,late_min_div,0.6444630026817322,False,,,0.7880000472068787,1.4793234264850605,0.6467317342758179,79.0,100.0,0.7920000553131104,0.7780000567436218,23109.0,1.6124181747436523
cora,9,8,attention,0.1,0.7,0.05,0.19106320679187785,0.8289496302604675,False,controller,diversity,0.75,0.7710000276565552,late_min_div,0.7969362139701843,False,,,0.7920000553131104,1.524300783276558,0.8005524277687073,53.0,100.0,0.7820000648498535,0.7980000376701355,23109.0,1.5408732891082764
cora,0,8,attention,0.1,0.7,0.05,0.19613639950752268,0.8464160561561584,False,controller,diversity,0.75,0.7270000576972961,late_last,0.7901014685630798,False,,,0.7920000553131104,1.5029937404394156,0.7944861054420471,47.0,100.0,0.8180000185966492,0.8260000348091125,23109.0,1.7041451930999756
cora,1,8,attention,0.1,0.7,0.05,0.16830300152301797,0.8248215913772583,False,controller,diversity,0.75,0.7850000262260437,late_last,0.7061725854873657,False,,,0.781000018119812,1.622679224610328,0.7089824080467224,66.0,100.0,0.7980000376701355,0.8170000314712524,23109.0,2.0945241451263428
cora,2,8,attention,0.1,0.7,0.05,0.0,0.5824897289276123,False,controller,diversity,0.75,0.7590000629425049,late_last,0.6100443601608276,False,,,0.7970000505447388,1.5154432612657542,0.6109737753868103,23.0,100.0,0.7860000133514404,0.7870000600814819,23109.0,1.571092128753662
cora,3,8,attention,0.1,0.7,0.05,0.23832171559333817,0.8071889281272888,False,controller,diversity,0.75,0.7190000414848328,late_last,0.6168889403343201,False,,,0.7930000424385071,1.5328933781385419,0.6192548274993896,74.0,100.0,0.8020000457763672,0.8190000653266907,23109.0,1.608027458190918
cora,4,8,attention,0.1,0.7,0.05,0.029473320841789278,0.7826050519943237,False,controller,diversity,0.75,0.7760000228881836,late_last,0.7984108328819275,False,,,0.8040000200271606,1.4532869005203248,0.8021107316017151,14.0,100.0,0.8020000457763672,0.796000063419342,23109.0,1.514068365097046
cora,5,8,attention,0.1,0.7,0.05,0.58682892203331,0.8026745319366455,False,controller,diversity,0.75,0.7890000343322754,late_last,0.8232821226119995,False,,,0.8110000491142273,1.4377038091421128,0.8266989588737488,96.0,100.0,0.7980000376701355,0.8050000667572021,23109.0,1.9707331657409668
cora,6,8,attention,0.1,0.7,0.05,0.18159110248088847,0.793933629989624,False,controller,diversity,0.75,0.7540000081062317,late_last,0.6466180682182312,False,,,0.8020000457763672,1.643007440567015,0.6491320133209229,90.0,100.0,0.7940000295639038,0.8100000619888306,23109.0,1.700767993927002
cora,7,8,attention,0.1,0.7,0.05,0.0,0.6741694211959839,False,controller,diversity,0.75,0.7690000534057617,late_last,0.6264503598213196,False,,,0.7930000424385071,1.548405563831328,0.62831050157547,29.0,100.0,0.7900000214576721,0.800000011920929,23109.0,1.527022123336792
cora,8,8,attention,0.1,0.7,0.05,0.12572092533111578,0.7978366613388062,False,controller,diversity,0.75,0.7720000147819519,late_last,0.6444630026817322,False,,,0.7880000472068787,1.4793234264850605,0.6467317342758179,79.0,100.0,0.7920000553131104,0.7780000567436218,23109.0,1.572932243347168
cora,9,8,attention,0.1,0.7,0.05,0.19106318891048443,0.8289496302604675,False,controller,diversity,0.75,0.7710000276565552,late_last,0.7969362139701843,False,,,0.7920000553131104,1.524300783276558,0.8005524277687073,53.0,100.0,0.7820000648498535,0.7980000376701355,23109.0,1.8717708587646484
cora,0,8,attention,0.1,0.7,0.05,0.2221289032697678,0.9729925394058228,False,controller,magnitude,0.75,0.7590000629425049,best,0.9809330105781555,False,,,0.815000057220459,0.3902979063987733,0.9815004467964172,15.0,100.0,0.8200000524520874,0.8060000538825989,23109.0,1.5234143733978271
cora,1,8,attention,0.1,0.7,0.05,0.9347802913188938,0.6961848735809326,False,controller,magnitude,0.75,0.7520000338554382,best,0.9611871838569641,False,,,0.7870000600814819,0.8347554475069044,0.9619337320327759,98.0,100.0,0.800000011920929,0.8070000410079956,23109.0,1.6414318084716797
cora,2,8,attention,0.1,0.7,0.05,0.33653807938098923,0.9269967675209045,False,controller,magnitude,0.75,0.7920000553131104,best,0.9024711847305298,False,,,0.8180000185966492,1.276098035573959,0.9048143625259399,29.0,100.0,0.7980000376701355,0.8080000281333923,23109.0,1.5889427661895752
cora,3,8,attention,0.1,0.7,0.05,0.3102670824527742,0.9556276798248291,False,controller,magnitude,0.75,0.7710000276565552,best,0.9307354688644409,False,,,0.8110000491142273,1.1240498638153078,0.9323155879974365,23.0,100.0,0.800000011920929,0.796000063419342,23109.0,1.911353349685669
cora,4,8,attention,0.1,0.7,0.05,0.23050092518329626,0.930371880531311,False,controller,magnitude,0.75,0.7700000405311584,best,0.9743587374687195,False,,,0.8130000233650208,0.3719423258304597,0.9753196239471436,18.0,100.0,0.796000063419342,0.8020000457763672,23109.0,1.5518290996551514
cora,5,8,attention,0.1,0.7,0.05,0.7424015200138094,0.8302481174468994,False,controller,magnitude,0.75,0.7760000228881836,best,0.9813063144683838,False,,,0.8080000281333923,0.2882825911045075,0.9820671677589417,68.0,100.0,0.7920000553131104,0.812000036239624,23109.0,1.5764226913452148
cora,6,8,attention,0.1,0.7,0.05,0.9509444200992588,0.7503423690795898,False,controller,magnitude,0.75,0.7920000553131104,best,0.9329975843429565,False,,,0.8090000152587891,1.115004937052727,0.9342616200447083,95.0,100.0,0.784000039100647,0.8080000281333923,23109.0,1.529111385345459
cora,7,8,attention,0.1,0.7,0.05,0.31622914910316474,0.7540884017944336,False,controller,magnitude,0.75,0.7660000324249268,best,0.7562937140464783,False,,,0.7970000505447388,1.5897630643844591,0.759390115737915,82.0,100.0,0.7920000553131104,0.7990000247955322,23109.0,1.9313066005706787
cora,8,8,attention,0.1,0.7,0.05,0.8872469836473468,0.7935323119163513,False,controller,magnitude,0.75,0.7680000066757202,best,0.9404411911964417,False,,,0.812000036239624,0.9358211523294453,0.9417896866798401,85.0,100.0,0.8060000538825989,0.7950000166893005,23109.0,1.5868592262268066
cora,9,8,attention,0.1,0.7,0.05,0.7812158823013308,0.7942385673522949,False,controller,magnitude,0.75,0.8010000586509705,best,0.9788810610771179,False,,,0.8090000152587891,0.44471460521221173,0.979439914226532,79.0,100.0,0.7880000472068787,0.7980000376701355,23109.0,1.5253269672393799
cora,0,8,attention,0.1,0.7,0.05,0.44109367370605485,0.8634489178657532,False,controller,magnitude,0.75,0.7450000643730164,late_min_div,0.7901014089584351,False,,,0.7920000553131104,1.5029937404394156,0.7944861054420471,74.0,100.0,0.7980000376701355,0.8060000538825989,23109.0,1.5988147258758545
cora,1,8,attention,0.1,0.7,0.05,0.40584429979324355,0.7842027544975281,False,controller,magnitude,0.75,0.7740000486373901,late_min_div,0.7061725854873657,False,,,0.781000018119812,1.622679224610328,0.7089824080467224,97.0,100.0,0.796000063419342,0.8050000667572021,23109.0,1.9283254146575928
cora,2,8,attention,0.1,0.7,0.05,0.14285780787467972,0.7879257202148438,False,controller,magnitude,0.75,0.796000063419342,late_min_div,0.6100443005561829,False,,,0.7970000505447388,1.5154432612657542,0.6109737753868103,87.0,100.0,0.784000039100647,0.796000063419342,23109.0,1.6410083770751953
cora,3,8,attention,0.1,0.7,0.05,0.2086042147874834,0.8047035932540894,False,controller,magnitude,0.75,0.7070000171661377,late_min_div,0.6168889403343201,False,,,0.7930000424385071,1.5328933781385419,0.6192548274993896,69.0,100.0,0.7700000405311584,0.8070000410079956,23109.0,1.5776636600494385
cora,4,8,attention,0.1,0.7,0.05,0.029473308920860322,0.7826050519943237,False,controller,magnitude,0.75,0.7760000228881836,late_min_div,0.7984108328819275,False,,,0.8040000200271606,1.4532869005203248,0.8021107316017151,14.0,100.0,0.8020000457763672,0.796000063419342,23109.0,1.5530457496643066
cora,5,8,attention,0.1,0.7,0.05,0.6501951396465304,0.7675275802612305,False,controller,magnitude,0.75,0.7820000648498535,late_min_div,0.8232821226119995,False,,,0.8110000491142273,1.4377038091421128,0.8266989588737488,99.0,100.0,0.7940000295639038,0.8030000329017639,23109.0,1.892199993133545
cora,6,8,attention,0.1,0.7,0.05,0.2276864570379258,0.8301164507865906,False,controller,magnitude,0.75,0.7740000486373901,late_min_div,0.6466180682182312,False,,,0.8020000457763672,1.643007440567015,0.6491320133209229,47.0,100.0,0.7720000147819519,0.8050000667572021,23109.0,1.7642531394958496
cora,7,8,attention,0.1,0.7,0.05,0.0,0.6741693615913391,False,controller,magnitude,0.75,0.7690000534057617,late_min_div,0.6264503598213196,False,,,0.7930000424385071,1.548405563831328,0.62831050157547,29.0,100.0,0.7900000214576721,0.800000011920929,23109.0,1.5452032089233398
cora,8,8,attention,0.1,0.7,0.05,0.12572093129158035,0.7978367209434509,False,controller,magnitude,0.75,0.7720000147819519,late_min_div,0.6444630026817322,False,,,0.7880000472068787,1.4793234264850605,0.6467317342758179,79.0,100.0,0.7920000553131104,0.7780000567436218,23109.0,1.6652960777282715
cora,9,8,attention,0.1,0.7,0.05,0.3655246031284334,0.8220310211181641,False,controller,magnitude,0.75,0.7640000581741333,late_min_div,0.7969362139701843,False,,,0.7920000553131104,1.524300783276558,0.8005524277687073,68.0,100.0,0.7740000486373901,0.7990000247955322,23109.0,1.5462605953216553
cora,0,8,attention,0.1,0.7,0.05,0.44109375119209293,0.8634489178657532,False,controller,magnitude,0.75,0.7450000643730164,late_last,0.7901014685630798,False,,,0.7920000553131104,1.5029937404394156,0.7944861054420471,74.0,100.0,0.7980000376701355,0.8060000538825989,23109.0,2.044262647628784
cora,1,8,attention,0.1,0.7,0.05,0.4058450329303742,0.7842035293579102,False,controller,magnitude,0.75,0.7740000486373901,late_last,0.7061725854873657,False,,,0.781000018119812,1.622679224610328,0.7089824080467224,97.0,100.0,0.796000063419342,0.8050000667572021,23109.0,1.5834696292877197
cora,2,8,attention,0.1,0.7,0.05,0.1428578048944474,0.7879257202148438,False,controller,magnitude,0.75,0.796000063419342,late_last,0.6100443005561829,False,,,0.7970000505447388,1.5154432612657542,0.6109737753868103,87.0,100.0,0.784000039100647,0.796000063419342,23109.0,1.5141127109527588
cora,3,8,attention,0.1,0.7,0.05,0.20860282897949237,0.8046942949295044,False,controller,magnitude,0.75,0.7070000171661377,late_last,0.6168888807296753,False,,,0.7930000424385071,1.5328933781385419,0.6192548274993896,69.0,100.0,0.7700000405311584,0.8070000410079956,23109.0,1.5625929832458496
cora,4,8,attention,0.1,0.7,0.05,0.0294733148813248,0.7826050519943237,False,controller,magnitude,0.75,0.7760000228881836,late_last,0.7984108328819275,False,,,0.8040000200271606,1.4532869005203248,0.8021107316017151,14.0,100.0,0.8020000457763672,0.796000063419342,23109.0,1.9854440689086914
cora,5,8,attention,0.1,0.7,0.05,0.6501951485872268,0.7675275802612305,False,controller,magnitude,0.75,0.7820000648498535,late_last,0.8232821226119995,False,,,0.8110000491142273,1.4377038091421128,0.8266989588737488,99.0,100.0,0.7940000295639038,0.8030000329017639,23109.0,1.571617603302002
cora,6,8,attention,0.1,0.7,0.05,0.22768645107746133,0.8301164507865906,False,controller,magnitude,0.75,0.7740000486373901,late_last,0.6466180682182312,False,,,0.8020000457763672,1.643007440567015,0.6491320133209229,47.0,100.0,0.7720000147819519,0.8050000667572021,23109.0,1.52915620803833
cora,7,8,attention,0.1,0.7,0.05,0.0,0.6741693019866943,False,controller,magnitude,0.75,0.7690000534057617,late_last,0.6264503002166748,False,,,0.7930000424385071,1.548405563831328,0.62831050157547,29.0,100.0,0.7900000214576721,0.800000011920929,23109.0,1.541595220565796
cora,8,8,attention,0.1,0.7,0.05,0.12572092235088358,0.7978367209434509,False,controller,magnitude,0.75,0.7720000147819519,late_last,0.6444630026817322,False,,,0.7880000472068787,1.4793234264850605,0.6467317342758179,79.0,100.0,0.7920000553131104,0.7780000567436218,23109.0,1.9912548065185547
cora,9,8,attention,0.1,0.7,0.05,0.36552454948425306,0.8220310211181641,False,controller,magnitude,0.75,0.7640000581741333,late_last,0.7969362139701843,False,,,0.7920000553131104,1.524300783276558,0.8005524277687073,68.0,100.0,0.7740000486373901,0.7990000247955322,23109.0,1.5416278839111328
cora,0,8,attention,0.1,0.7,0.05,1.043724988102913,0.9379910230636597,False,controller,gradient,0.75,0.8010000586509705,best,0.9809330105781555,False,,,0.815000057220459,0.3902979063987733,0.9815004467964172,77.0,100.0,0.8040000200271606,0.812000036239624,23109.0,1.4517738819122314
cora,1,8,attention,0.1,0.7,0.05,0.47810581028461474,0.9292978644371033,False,controller,gradient,0.75,0.7670000195503235,best,0.9611871838569641,False,,,0.7870000600814819,0.8347554475069044,0.9619337320327759,39.0,100.0,0.7940000295639038,0.8050000667572021,23109.0,1.4670069217681885
cora,2,8,attention,0.1,0.7,0.05,0.4017862242460253,0.8404988646507263,False,controller,gradient,0.75,0.7350000143051147,best,0.9024711847305298,False,,,0.8180000185966492,1.276098035573959,0.9048143625259399,52.0,100.0,0.7900000214576721,0.8060000538825989,23109.0,1.8856911659240723
cora,3,8,attention,0.1,0.7,0.05,0.5936970233917237,0.9055666923522949,False,controller,gradient,0.75,0.7460000514984131,best,0.9307354688644409,False,,,0.8110000491142273,1.1240498638153078,0.9323155879974365,49.0,100.0,0.7980000376701355,0.812000036239624,23109.0,1.4274811744689941
cora,4,8,attention,0.1,0.7,0.05,0.040875805616378796,0.9703242182731628,False,controller,gradient,0.75,0.7920000553131104,best,0.9743587374687195,False,,,0.8130000233650208,0.3719423258304597,0.9753196239471436,2.0,100.0,0.812000036239624,0.7930000424385071,23109.0,1.474149227142334
cora,5,8,attention,0.1,0.7,0.05,0.7424015080928804,0.8302481174468994,False,controller,gradient,0.75,0.7760000228881836,best,0.9813063144683838,False,,,0.8080000281333923,0.2882825911045075,0.9820671677589417,68.0,100.0,0.7920000553131104,0.812000036239624,23109.0,1.382004976272583
cora,6,8,attention,0.1,0.7,0.05,1.2010534137487408,0.8877664804458618,False,controller,gradient,0.75,0.7900000214576721,best,0.9329975843429565,False,,,0.8090000152587891,1.115004937052727,0.9342616200447083,89.0,100.0,0.7800000309944153,0.8060000538825989,23109.0,1.7173397541046143
cora,7,8,attention,0.1,0.7,0.05,0.4197308135032655,0.7722207903862,False,controller,gradient,0.75,0.7570000290870667,best,0.7562937140464783,False,,,0.7970000505447388,1.5897630643844591,0.759390115737915,82.0,100.0,0.7880000472068787,0.7980000376701355,23109.0,1.4444663524627686
cora,8,8,attention,0.1,0.7,0.05,0.012064495086669924,0.9425153732299805,False,controller,gradient,0.75,0.800000011920929,best,0.9404411911964417,False,,,0.812000036239624,0.9358211523294453,0.9417896866798401,0.0,100.0,0.7940000295639038,0.8030000329017639,23109.0,1.439582347869873
cora,9,8,attention,0.1,0.7,0.05,0.7812158912420275,0.7942385673522949,False,controller,gradient,0.75,0.8010000586509705,best,0.9788810610771179,False,,,0.8090000152587891,0.44471460521221173,0.979439914226532,79.0,100.0,0.7880000472068787,0.7980000376701355,23109.0,1.4136862754821777
cora,0,8,attention,0.1,0.7,0.05,0.25202975571155556,0.8752713203430176,False,controller,gradient,0.75,0.7430000305175781,late_min_div,0.7901014685630798,False,,,0.7920000553131104,1.5029937404394156,0.7944861054420471,39.0,100.0,0.8080000281333923,0.8180000185966492,23109.0,1.6391396522521973
cora,1,8,attention,0.1,0.7,0.05,0.44501486301422133,0.7406175136566162,False,controller,gradient,0.75,0.753000020980835,late_min_div,0.7061725854873657,False,,,0.781000018119812,1.622679224610328,0.7089824080467224,96.0,100.0,0.784000039100647,0.8070000410079956,23109.0,1.4501688480377197
cora,2,8,attention,0.1,0.7,0.05,0.029637290835380598,0.7446519136428833,False,controller,gradient,0.75,0.7350000143051147,late_min_div,0.6100443005561829,False,,,0.7970000505447388,1.5154432612657542,0.6109737753868103,51.0,100.0,0.7860000133514404,0.7950000166893005,23109.0,1.4715113639831543
cora,3,8,attention,0.1,0.7,0.05,0.2582472211122514,0.8141347169876099,False,controller,gradient,0.75,0.7740000486373901,late_min_div,0.6168889403343201,False,,,0.7930000424385071,1.5328933781385419,0.6192548274993896,69.0,100.0,0.7880000472068787,0.796000063419342,23109.0,1.46220064163208
cora,4,8,attention,0.1,0.7,0.05,0.6078400361537936,0.8193397521972656,False,controller,gradient,0.75,0.7760000228881836,late_min_div,0.7984107136726379,False,,,0.8040000200271606,1.4532869005203248,0.8021107316017151,81.0,100.0,0.800000011920929,0.8050000667572021,23109.0,1.990128755569458
cora,5,8,attention,0.1,0.7,0.05,0.6721047246456149,0.8123817443847656,False,controller,gradient,0.75,0.7760000228881836,late_min_div,0.8232821226119995,False,,,0.8110000491142273,1.4377038091421128,0.8266989588737488,85.0,100.0,0.7820000648498535,0.8040000200271606,23109.0,1.4115822315216064
cora,6,8,attention,0.1,0.7,0.05,0.7433430004119876,0.7663674354553223,False,controller,gradient,0.75,0.7360000610351562,late_min_div,0.6466180682182312,False,,,0.8020000457763672,1.643007440567015,0.6491320133209229,96.0,100.0,0.7800000309944153,0.7900000214576721,23109.0,1.47849702835083
cora,7,8,attention,0.1,0.7,0.05,0.12617947220802317,0.7871454954147339,False,controller,gradient,0.75,0.7560000419616699,late_min_div,0.6264503598213196,False,,,0.7930000424385071,1.548405563831328,0.62831050157547,65.0,100.0,0.784000039100647,0.7850000262260437,23109.0,1.4653005599975586
cora,8,8,attention,0.1,0.7,0.05,0.4277332335710527,0.7991429567337036,False,controller,gradient,0.75,0.7700000405311584,late_min_div,0.6444630026817322,False,,,0.7880000472068787,1.4793234264850605,0.6467317342758179,97.0,100.0,0.7560000419616699,0.7880000472068787,23109.0,1.8402457237243652
cora,9,8,attention,0.1,0.7,0.05,0.4214238846302034,0.8067086935043335,False,controller,gradient,0.75,0.7950000166893005,late_min_div,0.7969362139701843,False,,,0.7920000553131104,1.524300783276558,0.8005524277687073,77.0,100.0,0.7880000472068787,0.800000011920929,23109.0,1.4213099479675293
cora,0,8,attention,0.1,0.7,0.05,0.25202977359294904,0.8752714395523071,False,controller,gradient,0.75,0.7430000305175781,late_last,0.7901014685630798,False,,,0.7920000553131104,1.5029937404394156,0.7944861054420471,39.0,100.0,0.8080000281333923,0.8180000185966492,23109.0,1.40403413772583
cora,1,8,attention,0.1,0.7,0.05,0.44501484811306025,0.7406175136566162,False,controller,gradient,0.75,0.753000020980835,late_last,0.7061725854873657,False,,,0.781000018119812,1.622679224610328,0.7089824080467224,96.0,100.0,0.784000039100647,0.8070000410079956,23109.0,1.4361603260040283
cora,2,8,attention,0.1,0.7,0.05,0.02963731765747075,0.7446517944335938,False,controller,gradient,0.75,0.7350000143051147,late_last,0.6100443005561829,False,,,0.7970000505447388,1.5154432612657542,0.6109737753868103,51.0,100.0,0.7860000133514404,0.7950000166893005,23109.0,1.8916049003601074
cora,3,8,attention,0.1,0.7,0.05,0.25824718236923233,0.8141348361968994,False,controller,gradient,0.75,0.7740000486373901,late_last,0.6168888807296753,False,,,0.7930000424385071,1.5328933781385419,0.6192548274993896,69.0,100.0,0.7880000472068787,0.796000063419342,23109.0,1.4062232971191406
cora,4,8,attention,0.1,0.7,0.05,0.6078400212526321,0.8193397521972656,False,controller,gradient,0.75,0.7760000228881836,late_last,0.7984107732772827,False,,,0.8040000200271606,1.4532869005203248,0.8021107316017151,81.0,100.0,0.800000011920929,0.8050000667572021,23109.0,1.440828800201416
cora,5,8,attention,0.1,0.7,0.05,0.6721047246456147,0.8123818635940552,False,controller,gradient,0.75,0.7760000228881836,late_last,0.8232821226119995,False,,,0.8110000491142273,1.4377038091421128,0.8266989588737488,85.0,100.0,0.7820000648498535,0.8040000200271606,23109.0,1.4023981094360352
cora,6,8,attention,0.1,0.7,0.05,0.7433428394794463,0.766367495059967,False,controller,gradient,0.75,0.7360000610351562,late_last,0.6466180682182312,False,,,0.8020000457763672,1.643007440567015,0.6491320133209229,96.0,100.0,0.7800000309944153,0.7900000214576721,23109.0,1.860382080078125
cora,7,8,attention,0.1,0.7,0.05,0.12617948412895214,0.7871454954147339,False,controller,gradient,0.75,0.7560000419616699,late_last,0.6264503598213196,False,,,0.7930000424385071,1.548405563831328,0.62831050157547,65.0,100.0,0.784000039100647,0.7850000262260437,23109.0,1.4180519580841064
cora,8,8,attention,0.1,0.7,0.05,0.4277332097291949,0.7991428971290588,False,controller,gradient,0.75,0.7700000405311584,late_last,0.6444630026817322,False,,,0.7880000472068787,1.4793234264850605,0.6467317342758179,97.0,100.0,0.7560000419616699,0.7880000472068787,23109.0,1.4015674591064453
cora,9,8,attention,0.1,0.7,0.05,0.4214238697290422,0.8067086935043335,False,controller,gradient,0.75,0.7950000166893005,late_last,0.7969362139701843,False,,,0.7920000553131104,1.524300783276558,0.8005524277687073,77.0,100.0,0.7880000472068787,0.800000011920929,23109.0,1.4101617336273193
cora,0,8,attention,0.1,0.7,0.05,1.0420206189155579,0.9472442865371704,False,controller,random,0.75,0.7830000519752502,best,0.9809330105781555,False,,,0.815000057220459,0.3902979063987733,0.9815004467964172,74.0,100.0,0.7900000214576721,0.7990000247955322,23109.0,2.0893044471740723
cora,1,8,attention,0.1,0.7,0.05,0.867497277259827,0.7917799949645996,False,controller,random,0.75,0.7640000581741333,best,0.9611871838569641,False,,,0.7870000600814819,0.8347554475069044,0.9619337320327759,79.0,100.0,0.796000063419342,0.7950000166893005,23109.0,1.5627720355987549
cora,2,8,attention,0.1,0.7,0.05,0.9013268107175831,0.9254584312438965,False,controller,random,0.75,0.800000011920929,best,0.9024711847305298,False,,,0.8180000185966492,1.276098035573959,0.9048143625259399,70.0,100.0,0.7940000295639038,0.8070000410079956,23109.0,1.5428228378295898
cora,3,8,attention,0.1,0.7,0.05,0.35915062844753265,0.9517710208892822,False,controller,random,0.75,0.7560000419616699,best,0.9307354688644409,False,,,0.8110000491142273,1.1240498638153078,0.9323155879974365,27.0,100.0,0.784000039100647,0.8040000200271606,23109.0,1.5340304374694824
cora,4,8,attention,0.1,0.7,0.05,0.7297511112689975,0.8974133133888245,False,controller,random,0.75,0.8060000538825989,best,0.9743587374687195,False,,,0.8130000233650208,0.3719423258304597,0.9753196239471436,57.0,100.0,0.800000011920929,0.8180000185966492,23109.0,1.9636671543121338
cora,5,8,attention,0.1,0.7,0.05,0.9351189029216767,0.9091604948043823,False,controller,random,0.75,0.7740000486373901,best,0.9813063144683838,False,,,0.8080000281333923,0.2882825911045075,0.9820671677589417,72.0,100.0,0.796000063419342,0.8010000586509705,23109.0,1.5132849216461182
cora,6,8,attention,0.1,0.7,0.05,0.8271376925706868,0.8969919085502625,False,controller,random,0.75,0.7770000100135803,best,0.9329975843429565,False,,,0.8090000152587891,1.115004937052727,0.9342616200447083,66.0,100.0,0.7900000214576721,0.8110000491142273,23109.0,1.591203212738037
cora,7,8,attention,0.1,0.7,0.05,0.3956562173366549,0.778481662273407,False,controller,random,0.75,0.7140000462532043,best,0.7562937140464783,False,,,0.7970000505447388,1.5897630643844591,0.759390115737915,85.0,100.0,0.7920000553131104,0.7940000295639038,23109.0,1.6555733680725098
cora,8,8,attention,0.1,0.7,0.05,0.67123360991478,0.778859555721283,False,controller,random,0.75,0.7780000567436218,best,0.9404411911964417,False,,,0.812000036239624,0.9358211523294453,0.9417896866798401,73.0,100.0,0.8140000104904175,0.800000011920929,23109.0,2.011256694793701
cora,9,8,attention,0.1,0.7,0.05,0.7840878677368166,0.8473279476165771,False,controller,random,0.75,0.7970000505447388,best,0.9788810610771179,False,,,0.8090000152587891,0.44471460521221173,0.979439914226532,67.0,100.0,0.7820000648498535,0.7980000376701355,23109.0,1.5074796676635742
cora,0,8,attention,0.1,0.7,0.05,1.0422932028770444,0.8843064904212952,False,controller,random,0.75,0.7620000243186951,late_min_div,0.7901014685630798,False,,,0.7920000553131104,1.5029937404394156,0.7944861054420471,84.0,100.0,0.784000039100647,0.8010000586509705,23109.0,1.6513805389404297
cora,1,8,attention,0.1,0.7,0.05,0.29211225807666785,0.8250274062156677,False,controller,random,0.75,0.781000018119812,late_min_div,0.7061725854873657,False,,,0.781000018119812,1.622679224610328,0.7089824080467224,49.0,100.0,0.784000039100647,0.7940000295639038,23109.0,1.5022804737091064
cora,2,8,attention,0.1,0.7,0.05,0.29954077541828183,0.7909613847732544,False,controller,random,0.75,0.7330000400543213,late_min_div,0.6100443601608276,False,,,0.7970000505447388,1.5154432612657542,0.6109737753868103,79.0,100.0,0.7680000066757202,0.7760000228881836,23109.0,2.0243074893951416
cora,3,8,attention,0.1,0.7,0.05,0.5657417929172518,0.7730599641799927,False,controller,random,0.75,0.7450000643730164,late_min_div,0.6168888807296753,False,,,0.7930000424385071,1.5328933781385419,0.6192548274993896,99.0,100.0,0.7740000486373901,0.7990000247955322,23109.0,1.5634682178497314
cora,4,8,attention,0.1,0.7,0.05,0.6945981115102768,0.8107525110244751,False,controller,random,0.75,0.7890000343322754,late_min_div,0.7984107136726379,False,,,0.8040000200271606,1.4532869005203248,0.8021107316017151,94.0,100.0,0.7920000553131104,0.8070000410079956,23109.0,1.5920789241790771
cora,5,8,attention,0.1,0.7,0.05,0.6555954360961916,0.8611383438110352,False,controller,random,0.75,0.7930000424385071,late_min_div,0.8232821226119995,False,,,0.8110000491142273,1.4377038091421128,0.8266989588737488,70.0,100.0,0.800000011920929,0.8070000410079956,23109.0,1.570164442062378
cora,6,8,attention,0.1,0.7,0.05,0.4256539273262028,0.8255705833435059,False,controller,random,0.75,0.7320000529289246,late_min_div,0.6466180682182312,False,,,0.8020000457763672,1.643007440567015,0.6491320133209229,77.0,100.0,0.7800000309944153,0.8070000410079956,23109.0,1.8253226280212402
cora,7,8,attention,0.1,0.7,0.05,0.1276661115884782,0.7704485654830933,False,controller,random,0.75,0.7050000429153442,late_min_div,0.6264503598213196,False,,,0.7930000424385071,1.548405563831328,0.62831050157547,80.0,100.0,0.7900000214576721,0.8010000586509705,23109.0,1.7800650596618652
cora,8,8,attention,0.1,0.7,0.05,0.2802854329347612,0.7497158050537109,False,controller,random,0.75,0.734000027179718,late_min_div,0.6444630026817322,False,,,0.7880000472068787,1.4793234264850605,0.6467317342758179,81.0,100.0,0.7880000472068787,0.7990000247955322,23109.0,1.5874361991882324
cora,9,8,attention,0.1,0.7,0.05,0.2581796640157701,0.8410555124282837,False,controller,random,0.75,0.7590000629425049,late_min_div,0.7969362139701843,False,,,0.7920000553131104,1.524300783276558,0.8005524277687073,51.0,100.0,0.7660000324249268,0.7830000519752502,23109.0,1.5415351390838623
cora,0,8,attention,0.1,0.7,0.05,1.0422932207584386,0.8843065500259399,False,controller,random,0.75,0.7620000243186951,late_last,0.7901014089584351,False,,,0.7920000553131104,1.5029937404394156,0.7944861054420471,84.0,100.0,0.784000039100647,0.8010000586509705,23109.0,1.7801587581634521
cora,1,8,attention,0.1,0.7,0.05,0.29211226403713236,0.825027346611023,False,controller,random,0.75,0.781000018119812,late_last,0.7061725854873657,False,,,0.781000018119812,1.622679224610328,0.7089824080467224,49.0,100.0,0.784000039100647,0.7940000295639038,23109.0,1.7413749694824219
cora,2,8,attention,0.1,0.7,0.05,0.29954076647758493,0.7909613847732544,False,controller,random,0.75,0.7330000400543213,late_last,0.6100443005561829,False,,,0.7970000505447388,1.5154432612657542,0.6109737753868103,79.0,100.0,0.7680000066757202,0.7760000228881836,23109.0,1.662996530532837
cora,3,8,attention,0.1,0.7,0.05,0.5657417869567875,0.7730598449707031,False,controller,random,0.75,0.7450000643730164,late_last,0.6168889403343201,False,,,0.7930000424385071,1.5328933781385419,0.6192548274993896,99.0,100.0,0.7740000486373901,0.7990000247955322,23109.0,1.6174020767211914
cora,4,8,attention,0.1,0.7,0.05,0.6945980936288838,0.8107525110244751,False,controller,random,0.75,0.7890000343322754,late_last,0.7984107732772827,False,,,0.8040000200271606,1.4532869005203248,0.8021107316017151,94.0,100.0,0.7920000553131104,0.8070000410079956,23109.0,1.6529154777526855
cora,5,8,attention,0.1,0.7,0.05,0.6555954122543335,0.8611384630203247,False,controller,random,0.75,0.7930000424385071,late_last,0.8232821226119995,False,,,0.8110000491142273,1.4377038091421128,0.8266989588737488,70.0,100.0,0.800000011920929,0.8070000410079956,23109.0,1.7182519435882568
cora,6,8,attention,0.1,0.7,0.05,0.42565394222736386,0.8255705833435059,False,controller,random,0.75,0.7320000529289246,late_last,0.6466180682182312,False,,,0.8020000457763672,1.643007440567015,0.6491320133209229,77.0,100.0,0.7800000309944153,0.8070000410079956,23109.0,1.6104280948638916
cora,7,8,attention,0.1,0.7,0.05,0.12766609966754927,0.770448625087738,False,controller,random,0.75,0.7050000429153442,late_last,0.6264503598213196,False,,,0.7930000424385071,1.548405563831328,0.62831050157547,80.0,100.0,0.7900000214576721,0.8010000586509705,23109.0,1.6663517951965332
cora,8,8,attention,0.1,0.7,0.05,0.280285429954529,0.7497158050537109,False,controller,random,0.75,0.734000027179718,late_last,0.6444630026817322,False,,,0.7880000472068787,1.4793234264850605,0.6467317342758179,81.0,100.0,0.7880000472068787,0.7990000247955322,23109.0,1.5876054763793945
cora,9,8,attention,0.1,0.7,0.05,0.25817967891693133,0.8410553932189941,False,controller,random,0.75,0.7590000629425049,late_last,0.7969361543655396,False,,,0.7920000553131104,1.524300783276558,0.8005524277687073,51.0,100.0,0.7660000324249268,0.7830000519752502,23109.0,1.7740445137023926
citeseer,0,8,attention,0.1,0.7,0.05,0.2035208493471146,0.953392505645752,False,controller,diversity,0.75,0.6080000400543213,best,0.9905872344970703,False,,,0.7070000171661377,0.1763274866342545,0.9911414980888367,14.0,100.0,0.7020000219345093,0.6780000329017639,59410.0,1.7459261417388916
citeseer,1,8,attention,0.1,0.7,0.05,0.36576251804828663,0.9364253878593445,False,controller,diversity,0.75,0.5860000252723694,best,0.9895116686820984,False,,,0.6770000457763672,0.32251917600631724,0.9897427558898926,27.0,100.0,0.6840000152587891,0.6810000538825989,59410.0,1.7280991077423096
citeseer,2,8,attention,0.1,0.7,0.05,0.4089566576480867,0.7851077318191528,False,controller,diversity,0.75,0.6300000548362732,best,0.8049739003181458,False,,,0.690000057220459,1.5418520325422282,0.8087959885597229,69.0,100.0,0.6960000395774841,0.6550000309944153,59410.0,1.7516541481018066
citeseer,3,8,attention,0.1,0.7,0.05,0.29227585732936856,0.9643307328224182,False,controller,diversity,0.75,0.6470000147819519,best,0.9921757578849792,False,,,0.6890000104904175,0.13268982231616977,0.99278724193573,20.0,100.0,0.6960000395774841,0.6890000104904175,59410.0,2.1200335025787354
citeseer,4,8,attention,0.1,0.7,0.05,0.20195913076400762,0.9859108328819275,False,controller,diversity,0.75,0.6230000257492065,best,0.9893972873687744,False,,,0.6880000233650208,0.3225576627254487,0.9896777272224426,13.0,100.0,0.6740000247955322,0.6790000200271606,59410.0,1.7207121849060059
citeseer,5,8,attention,0.1,0.7,0.05,0.4538738286495209,0.9356203079223633,False,controller,diversity,0.75,0.5190000534057617,best,0.9913125038146973,False,,,0.6720000505447388,0.14710032045841218,0.9919008016586304,33.0,100.0,0.6800000071525574,0.6680000424385071,59410.0,1.7210297584533691
citeseer,6,8,attention,0.1,0.7,0.05,0.2628397291898728,0.961912214756012,False,controller,diversity,0.75,0.6340000033378601,best,0.9924980401992798,False,,,0.6960000395774841,0.1621048474311829,0.9929153919219971,18.0,100.0,0.6880000233650208,0.6780000329017639,59410.0,1.7168092727661133
citeseer,7,8,attention,0.1,0.7,0.05,0.5408563047647478,0.8928765058517456,False,controller,diversity,0.75,0.6620000600814819,best,0.9858847260475159,False,,,0.6810000538825989,0.3206308144330978,0.9863932728767395,44.0,100.0,0.6940000057220459,0.6970000267028809,59410.0,2.2276394367218018
citeseer,8,8,attention,0.1,0.7,0.05,0.16592897951602936,0.9690571427345276,False,controller,diversity,0.75,0.6580000519752502,best,0.9893965721130371,False,,,0.7020000219345093,0.2055931842327118,0.9900772571563721,11.0,100.0,0.7080000042915344,0.6810000538825989,59410.0,1.6915695667266846
citeseer,9,8,attention,0.1,0.7,0.05,0.5938358771800996,0.900283694267273,False,controller,diversity,0.75,0.6070000529289246,best,0.9906625747680664,False,,,0.6820000410079956,0.19080886960029605,0.9910407066345215,46.0,100.0,0.6820000410079956,0.6890000104904175,59410.0,1.7745742797851562
citeseer,0,8,attention,0.1,0.7,0.05,0.5423646175861361,0.7567182779312134,False,controller,diversity,0.75,0.5720000267028809,late_min_div,0.8870881199836731,False,,,0.6740000247955322,1.4898568469285967,0.8900682330131531,65.0,100.0,0.6720000505447388,0.6540000438690186,59410.0,1.706113576889038
citeseer,1,8,attention,0.1,0.7,0.05,0.22807937741279613,0.912129282951355,False,controller,diversity,0.75,0.5660000443458557,late_min_div,0.8876858353614807,False,,,0.656000018119812,1.627351661324501,0.8908001184463501,21.0,100.0,0.656000018119812,0.6520000100135803,59410.0,2.123236656188965
citeseer,2,8,attention,0.1,0.7,0.05,0.10518787384033215,0.7687960863113403,False,controller,diversity,0.75,0.5760000348091125,late_min_div,0.6145098209381104,False,,,0.6440000534057617,1.51871769428253,0.615942120552063,53.0,100.0,0.6640000343322754,0.6410000324249268,59410.0,1.843815803527832
citeseer,3,8,attention,0.1,0.7,0.05,0.3173357450962067,0.9273128509521484,False,controller,diversity,0.75,0.6460000276565552,late_min_div,0.8888592720031738,False,,,0.6700000166893005,1.448067364692687,0.8925586938858032,30.0,100.0,0.6740000247955322,0.6820000410079956,59410.0,1.6871438026428223
citeseer,4,8,attention,0.1,0.7,0.05,0.20880181849002846,0.8938775062561035,False,controller,diversity,0.75,0.5550000071525574,late_min_div,0.8498271107673645,False,,,0.6620000600814819,1.5905052173137666,0.8537611365318298,23.0,100.0,0.6600000262260437,0.6540000438690186,59410.0,1.6827077865600586
citeseer,5,8,attention,0.1,0.7,0.05,0.0317732357978821,0.8403084874153137,False,controller,diversity,0.75,0.6070000529289246,late_min_div,0.8947949409484863,False,,,0.6820000410079956,1.4552252769470209,0.8975244760513306,5.0,100.0,0.6760000586509705,0.6510000228881836,59410.0,1.8240909576416016
citeseer,6,8,attention,0.1,0.7,0.05,0.06988286077976229,0.8663180470466614,False,controller,diversity,0.75,0.5400000214576721,late_min_div,0.8928359150886536,False,,,0.6470000147819519,1.4752408856153478,0.8958077430725098,9.0,100.0,0.6540000438690186,0.6530000567436218,59410.0,1.910527229309082
citeseer,7,8,attention,0.1,0.7,0.05,0.24433714330196388,0.8295915126800537,False,controller,diversity,0.75,0.6390000581741333,late_min_div,0.8304206728935242,False,,,0.6790000200271606,1.5254183697700487,0.8345900177955627,45.0,100.0,0.690000057220459,0.6790000200271606,59410.0,1.7156872749328613
citeseer,8,8,attention,0.1,0.7,0.05,0.14386240184307103,0.8736246228218079,False,controller,diversity,0.75,0.5770000219345093,late_min_div,0.8615472912788391,False,,,0.6740000247955322,1.476374158859252,0.8654412031173706,20.0,100.0,0.6760000586509705,0.6700000166893005,59410.0,1.711216688156128
citeseer,9,8,attention,0.1,0.7,0.05,0.5539031970500948,0.8160169124603271,False,controller,diversity,0.75,0.6040000319480896,late_min_div,0.8622517585754395,False,,,0.6680000424385071,1.4669308465719217,0.8663721680641174,61.0,100.0,0.6800000071525574,0.6690000295639038,59410.0,1.824573040008545
citeseer,0,8,attention,0.1,0.7,0.05,0.5423646116256717,0.7567183375358582,False,controller,diversity,0.75,0.5720000267028809,late_last,0.8870881199836731,False,,,0.6740000247955322,1.4898568469285967,0.8900682330131531,65.0,100.0,0.6720000505447388,0.6540000438690186,59410.0,2.1037843227386475
citeseer,1,8,attention,0.1,0.7,0.05,0.2280793923139573,0.9121291637420654,False,controller,diversity,0.75,0.5660000443458557,late_last,0.8876858353614807,False,,,0.656000018119812,1.627351661324501,0.8908001184463501,21.0,100.0,0.656000018119812,0.6520000100135803,59410.0,1.722020149230957
citeseer,2,8,attention,0.1,0.7,0.05,0.10518790960311897,0.7687961459159851,False,controller,diversity,0.75,0.5760000348091125,late_last,0.6145098209381104,False,,,0.6440000534057617,1.51871769428253,0.615942120552063,53.0,100.0,0.6640000343322754,0.6410000324249268,59410.0,1.6888325214385986
citeseer,3,8,attention,0.1,0.7,0.05,0.31733572721481323,0.9273128509521484,False,controller,diversity,0.75,0.6460000276565552,late_last,0.8888592720031738,False,,,0.6700000166893005,1.448067364692687,0.8925586938858032,30.0,100.0,0.6740000247955322,0.6820000410079956,59410.0,1.7182319164276123
citeseer,4,8,attention,0.1,0.7,0.05,0.20880180358886727,0.8938775658607483,False,controller,diversity,0.75,0.5550000071525574,late_last,0.8498271107673645,False,,,0.6620000600814819,1.5905052173137666,0.8537611365318298,23.0,100.0,0.6600000262260437,0.6540000438690186,59410.0,2.14780592918396
citeseer,5,8,attention,0.1,0.7,0.05,0.031773232817649856,0.840308427810669,False,controller,diversity,0.75,0.6070000529289246,late_last,0.8947949409484863,False,,,0.6820000410079956,1.4552252769470209,0.8975244760513306,5.0,100.0,0.6760000586509705,0.6510000228881836,59410.0,1.7089283466339111
citeseer,6,8,attention,0.1,0.7,0.05,0.06988285779953005,0.8663181662559509,False,controller,diversity,0.75,0.5400000214576721,late_last,0.8928359150886536,False,,,0.6470000147819519,1.4752408856153478,0.8958077430725098,9.0,100.0,0.6540000438690186,0.6530000567436218,59410.0,1.7592496871948242
citeseer,7,8,attention,0.1,0.7,0.05,0.24433714926242836,0.8295915126800537,False,controller,diversity,0.75,0.6390000581741333,late_last,0.8304206728935242,False,,,0.6790000200271606,1.5254183697700487,0.8345900177955627,45.0,100.0,0.690000057220459,0.6790000200271606,59410.0,1.686471939086914
citeseer,8,8,attention,0.1,0.7,0.05,0.1438624078035355,0.8736246824264526,False,controller,diversity,0.75,0.5770000219345093,late_last,0.8615472912788391,False,,,0.6740000247955322,1.476374158859252,0.8654412031173706,20.0,100.0,0.6760000586509705,0.6700000166893005,59410.0,2.1286942958831787
citeseer,9,8,attention,0.1,0.7,0.05,0.5539032238721849,0.8160169720649719,False,controller,diversity,0.75,0.6040000319480896,late_last,0.8622517585754395,False,,,0.6680000424385071,1.4669308465719217,0.8663721680641174,61.0,100.0,0.6800000071525574,0.6690000295639038,59410.0,1.8942885398864746
citeseer,0,8,attention,0.1,0.7,0.05,0.1707600462436676,0.9776952862739563,False,controller,magnitude,0.75,0.5640000104904175,best,0.9905872344970703,False,,,0.7070000171661377,0.1763274866342545,0.9911414980888367,11.0,100.0,0.6880000233650208,0.6920000314712524,59410.0,1.701786994934082
citeseer,1,8,attention,0.1,0.7,0.05,0.07163937687873842,0.9825048446655273,False,controller,magnitude,0.75,0.659000039100647,best,0.9895116686820984,False,,,0.6770000457763672,0.32251917600631724,0.9897427558898926,4.0,100.0,0.6800000071525574,0.6610000133514404,59410.0,1.713047981262207
citeseer,2,8,attention,0.1,0.7,0.05,0.3683238196372987,0.8504661321640015,False,controller,magnitude,0.75,0.6370000243186951,best,0.8049739003181458,False,,,0.690000057220459,1.5418520325422282,0.8087959885597229,46.0,100.0,0.6920000314712524,0.6810000538825989,59410.0,1.860445261001587
citeseer,3,8,attention,0.1,0.7,0.05,0.04327487170696259,0.9862732887268066,False,controller,magnitude,0.75,0.6470000147819519,best,0.9921757578849792,False,,,0.6890000104904175,0.13268982231616977,0.99278724193573,2.0,100.0,0.6720000505447388,0.6670000553131104,59410.0,1.8976657390594482
citeseer,4,8,attention,0.1,0.7,0.05,0.20463133811950687,0.9883140325546265,False,controller,magnitude,0.75,0.6410000324249268,best,0.9893972873687744,False,,,0.6880000233650208,0.3225576627254487,0.9896777272224426,13.0,100.0,0.6880000233650208,0.6710000038146973,59410.0,1.6968657970428467
citeseer,5,8,attention,0.1,0.7,0.05,0.5991536253690722,0.9361572265625,False,controller,magnitude,0.75,0.6060000061988831,best,0.9913125038146973,False,,,0.6720000505447388,0.14710032045841218,0.9919008016586304,45.0,100.0,0.6920000314712524,0.6740000247955322,59410.0,1.7648694515228271
citeseer,6,8,attention,0.1,0.7,0.05,0.22982380926609045,0.9812564849853516,False,controller,magnitude,0.75,0.6020000576972961,best,0.9924980401992798,False,,,0.6960000395774841,0.1621048474311829,0.9929153919219971,15.0,100.0,0.7080000042915344,0.6930000185966492,59410.0,1.7582178115844727
citeseer,7,8,attention,0.1,0.7,0.05,0.0434723061323166,0.9901068210601807,False,controller,magnitude,0.75,0.6640000343322754,best,0.9858847260475159,False,,,0.6810000538825989,0.3206308144330978,0.9863932728767395,2.0,100.0,0.6980000138282776,0.690000057220459,59410.0,2.0995471477508545
citeseer,8,8,attention,0.1,0.7,0.05,0.4138329714536668,0.9598511457443237,False,controller,magnitude,0.75,0.6600000262260437,best,0.9893965721130371,False,,,0.7020000219345093,0.2055931842327118,0.9900772571563721,29.0,100.0,0.6940000057220459,0.6760000586509705,59410.0,1.688629150390625
citeseer,9,8,attention,0.1,0.7,0.05,0.5938358950614933,0.900283694267273,False,controller,magnitude,0.75,0.6070000529289246,best,0.9906625747680664,False,,,0.6820000410079956,0.19080886960029605,0.9910407066345215,46.0,100.0,0.6820000410079956,0.6890000104904175,59410.0,1.7221543788909912
citeseer,0,8,attention,0.1,0.7,0.05,0.5423646205663684,0.7567182779312134,False,controller,magnitude,0.75,0.5720000267028809,late_min_div,0.8870881199836731,False,,,0.6740000247955322,1.4898568469285967,0.8900682330131531,65.0,100.0,0.6720000505447388,0.6540000438690186,59410.0,1.7085552215576172
citeseer,1,8,attention,0.1,0.7,0.05,0.3868834710121156,0.8679471015930176,False,controller,magnitude,0.75,0.6220000386238098,late_min_div,0.8876858353614807,False,,,0.656000018119812,1.627351661324501,0.8908001184463501,43.0,100.0,0.6740000247955322,0.6670000553131104,59410.0,2.2613959312438965
citeseer,2,8,attention,0.1,0.7,0.05,0.23210924267768873,0.8013771176338196,False,controller,magnitude,0.75,0.6080000400543213,late_min_div,0.6145098209381104,False,,,0.6440000534057617,1.51871769428253,0.615942120552063,56.0,100.0,0.6880000233650208,0.6580000519752502,59410.0,1.720961570739746
citeseer,3,8,attention,0.1,0.7,0.05,0.47860356509685525,0.9016503095626831,False,controller,magnitude,0.75,0.6350000500679016,late_min_div,0.8888592720031738,False,,,0.6700000166893005,1.448067364692687,0.8925586938858032,45.0,100.0,0.6720000505447388,0.6550000309944153,59410.0,1.7170357704162598
citeseer,4,8,attention,0.1,0.7,0.05,0.613907519578934,0.7014216780662537,False,controller,magnitude,0.75,0.5860000252723694,late_min_div,0.8498271107673645,False,,,0.6620000600814819,1.5905052173137666,0.8537611365318298,98.0,100.0,0.6540000438690186,0.6260000467300415,59410.0,1.7718143463134766
citeseer,5,8,attention,0.1,0.7,0.05,0.13572160303592687,0.9002891182899475,False,controller,magnitude,0.75,0.5820000171661377,late_min_div,0.8947949409484863,False,,,0.6820000410079956,1.4552252769470209,0.8975244760513306,14.0,100.0,0.6660000085830688,0.6650000214576721,59410.0,2.02184796333313
citeseer,6,8,attention,0.1,0.7,0.05,0.07692941486835482,0.9001530408859253,False,controller,magnitude,0.75,0.5740000009536743,late_min_div,0.8928359150886536,False,,,0.6470000147819519,1.4752408856153478,0.8958077430725098,8.0,100.0,0.6740000247955322,0.6500000357627869,59410.0,1.7372996807098389
citeseer,7,8,attention,0.1,0.7,0.05,0.24433708965778364,0.8295915722846985,False,controller,magnitude,0.75,0.6390000581741333,late_min_div,0.8304206728935242,False,,,0.6790000200271606,1.5254183697700487,0.8345900177955627,45.0,100.0,0.690000057220459,0.6790000200271606,59410.0,1.6434290409088135
citeseer,8,8,attention,0.1,0.7,0.05,0.1882635301351548,0.8946032524108887,False,controller,magnitude,0.75,0.6440000534057617,late_min_div,0.8615472912788391,False,,,0.6740000247955322,1.476374158859252,0.8654412031173706,23.0,100.0,0.6680000424385071,0.690000057220459,59410.0,1.7291581630706787
citeseer,9,8,attention,0.1,0.7,0.05,0.42871973514556894,0.8729236721992493,False,controller,magnitude,0.75,0.5690000057220459,late_min_div,0.8622517585754395,False,,,0.6680000424385071,1.4669308465719217,0.8663721680641174,44.0,100.0,0.6700000166893005,0.6770000457763672,59410.0,1.9138262271881104
citeseer,0,8,attention,0.1,0.7,0.05,0.5423646205663684,0.7567182183265686,False,controller,magnitude,0.75,0.5720000267028809,late_last,0.8870881199836731,False,,,0.6740000247955322,1.4898568469285967,0.8900682330131531,65.0,100.0,0.6720000505447388,0.6540000438690186,59410.0,2.0490307807922363
citeseer,1,8,attention,0.1,0.7,0.05,0.3868834620714189,0.8679471015930176,False,controller,magnitude,0.75,0.6220000386238098,late_last,0.8876858353614807,False,,,0.656000018119812,1.627351661324501,0.8908001184463501,43.0,100.0,0.6740000247955322,0.6670000553131104,59410.0,1.7328195571899414
citeseer,2,8,attention,0.1,0.7,0.05,0.23210926353931435,0.8013770580291748,False,controller,magnitude,0.75,0.6080000400543213,late_last,0.6145098209381104,False,,,0.6440000534057617,1.51871769428253,0.615942120552063,56.0,100.0,0.6880000233650208,0.6580000519752502,59410.0,1.7183890342712402
citeseer,3,8,attention,0.1,0.7,0.05,0.47860355615615846,0.9016503095626831,False,controller,magnitude,0.75,0.6350000500679016,late_last,0.8888592720031738,False,,,0.6700000166893005,1.448067364692687,0.8925586938858032,45.0,100.0,0.6720000505447388,0.6550000309944153,59410.0,1.694875717163086
citeseer,4,8,attention,0.1,0.7,0.05,0.5882650893926623,0.7571566700935364,False,controller,magnitude,0.75,0.5860000252723694,late_last,0.8498271107673645,False,,,0.6620000600814819,1.5905052173137666,0.8537611365318298,82.0,100.0,0.6540000438690186,0.6230000257492065,59410.0,2.1873960494995117
citeseer,5,8,attention,0.1,0.7,0.05,0.1357216149568558,0.9002890586853027,False,controller,magnitude,0.75,0.5820000171661377,late_last,0.8947949409484863,False,,,0.6820000410079956,1.4552252769470209,0.8975244760513306,14.0,100.0,0.6660000085830688,0.6650000214576721,59410.0,1.7433993816375732
citeseer,6,8,attention,0.1,0.7,0.05,0.07692942082881929,0.9001530408859253,False,controller,magnitude,0.75,0.5740000009536743,late_last,0.8928359150886536,False,,,0.6470000147819519,1.4752408856153478,0.8958077430725098,8.0,100.0,0.6740000247955322,0.6500000357627869,59410.0,1.7029399871826172
citeseer,7,8,attention,0.1,0.7,0.05,0.2443371373414994,0.8295917510986328,False,controller,magnitude,0.75,0.6390000581741333,late_last,0.8304206728935242,False,,,0.6790000200271606,1.5254183697700487,0.8345900177955627,45.0,100.0,0.690000057220459,0.6790000200271606,59410.0,1.6943635940551758
citeseer,8,8,attention,0.1,0.7,0.05,0.18826353907585153,0.8946032524108887,False,controller,magnitude,0.75,0.6440000534057617,late_last,0.8615472912788391,False,,,0.6740000247955322,1.476374158859252,0.8654412031173706,23.0,100.0,0.6680000424385071,0.690000057220459,59410.0,2.2001023292541504
citeseer,9,8,attention,0.1,0.7,0.05,0.42871979475021366,0.8729245662689209,False,controller,magnitude,0.75,0.5690000057220459,late_last,0.8622517585754395,False,,,0.6680000424385071,1.4669308465719217,0.8663721680641174,44.0,100.0,0.6700000166893005,0.6770000457763672,59410.0,1.7238991260528564
citeseer,0,8,attention,0.1,0.7,0.05,0.17076005816459655,0.9776953458786011,False,controller,gradient,0.75,0.5640000104904175,best,0.9905872344970703,False,,,0.7070000171661377,0.1763274866342545,0.9911414980888367,11.0,100.0,0.6880000233650208,0.6920000314712524,59410.0,1.5322089195251465
citeseer,1,8,attention,0.1,0.7,0.05,0.07163937985897066,0.9825048446655273,False,controller,gradient,0.75,0.659000039100647,best,0.9895116686820984,False,,,0.6770000457763672,0.32251917600631724,0.9897427558898926,4.0,100.0,0.6800000071525574,0.6610000133514404,59410.0,1.619041919708252
citeseer,2,8,attention,0.1,0.7,0.05,0.4089566785097123,0.7851077318191528,False,controller,gradient,0.75,0.6300000548362732,best,0.8049739003181458,False,,,0.690000057220459,1.5418520325422282,0.8087959885597229,69.0,100.0,0.6960000395774841,0.6550000309944153,59410.0,1.9870305061340332
citeseer,3,8,attention,0.1,0.7,0.05,0.043274877667427075,0.9862732887268066,False,controller,gradient,0.75,0.6470000147819519,best,0.9921757578849792,False,,,0.6890000104904175,0.13268982231616977,0.99278724193573,2.0,100.0,0.6720000505447388,0.6670000553131104,59410.0,1.5607972145080566
citeseer,4,8,attention,0.1,0.7,0.05,0.3731265926361084,0.9829456806182861,False,controller,gradient,0.75,0.6080000400543213,best,0.9893972873687744,False,,,0.6880000233650208,0.3225576627254487,0.9896777272224426,25.0,100.0,0.6760000586509705,0.6760000586509705,59410.0,1.5868620872497559
citeseer,5,8,attention,0.1,0.7,0.05,0.5991536074876785,0.9361572861671448,False,controller,gradient,0.75,0.6060000061988831,best,0.9913125038146973,False,,,0.6720000505447388,0.14710032045841218,0.9919008016586304,45.0,100.0,0.6920000314712524,0.6740000247955322,59410.0,1.5812318325042725
citeseer,6,8,attention,0.1,0.7,0.05,0.058943960666656504,0.9939563274383545,False,controller,gradient,0.75,0.6490000486373901,best,0.9924980401992798,False,,,0.6960000395774841,0.1621048474311829,0.9929153919219971,3.0,100.0,0.7200000286102295,0.687000036239624,59410.0,1.7769184112548828
citeseer,7,8,attention,0.1,0.7,0.05,0.20198308885097505,0.9834524393081665,False,controller,gradient,0.75,0.6490000486373901,best,0.9858847260475159,False,,,0.6810000538825989,0.3206308144330978,0.9863932728767395,13.0,100.0,0.7080000042915344,0.6910000443458557,59410.0,1.6626627445220947
citeseer,8,8,attention,0.1,0.7,0.05,0.3477758800983429,0.9832292795181274,False,controller,gradient,0.75,0.6790000200271606,best,0.9893965721130371,False,,,0.7020000219345093,0.2055931842327118,0.9900772571563721,23.0,100.0,0.6960000395774841,0.6940000057220459,59410.0,1.5827219486236572
citeseer,9,8,attention,0.1,0.7,0.05,0.46931906402111073,0.9537401795387268,False,controller,gradient,0.75,0.6220000386238098,best,0.9906625747680664,False,,,0.6820000410079956,0.19080886960029605,0.9910407066345215,33.0,100.0,0.6800000071525574,0.6800000071525574,59410.0,1.5754468441009521
citeseer,0,8,attention,0.1,0.7,0.05,0.39103739738464355,0.9201183319091797,False,controller,gradient,0.75,0.5740000009536743,late_min_div,0.8870881199836731,False,,,0.6740000247955322,1.4898568469285967,0.8900682330131531,36.0,100.0,0.6800000071525574,0.6600000262260437,59410.0,1.781388521194458
citeseer,1,8,attention,0.1,0.7,0.05,0.23860290408134466,0.9121816754341125,False,controller,gradient,0.75,0.6030000448226929,late_min_div,0.8876858353614807,False,,,0.656000018119812,1.627351661324501,0.8908001184463501,23.0,100.0,0.6760000586509705,0.6710000038146973,59410.0,1.7720391750335693
citeseer,2,8,attention,0.1,0.7,0.05,0.30973804891109485,0.8092201948165894,False,controller,gradient,0.75,0.5420000553131104,late_min_div,0.6145098209381104,False,,,0.6440000534057617,1.51871769428253,0.615942120552063,57.0,100.0,0.6700000166893005,0.6340000033378601,59410.0,1.59665846824646
citeseer,3,8,attention,0.1,0.7,0.05,0.4931516510248186,0.9227331876754761,False,controller,gradient,0.75,0.6220000386238098,late_min_div,0.8888592720031738,False,,,0.6700000166893005,1.448067364692687,0.8925586938858032,42.0,100.0,0.6520000100135803,0.6450000405311584,59410.0,1.6101057529449463
citeseer,4,8,attention,0.1,0.7,0.05,0.21380618333816537,0.8969876766204834,False,controller,gradient,0.75,0.5540000200271606,late_min_div,0.8498271107673645,False,,,0.6620000600814819,1.5905052173137666,0.8537611365318298,22.0,100.0,0.6700000166893005,0.6660000085830688,59410.0,1.6332066059112549
citeseer,5,8,attention,0.1,0.7,0.05,0.37692041158676165,0.9166027307510376,False,controller,gradient,0.75,0.625,late_min_div,0.8947949409484863,False,,,0.6820000410079956,1.4552252769470209,0.8975244760513306,33.0,100.0,0.6960000395774841,0.6800000071525574,59410.0,1.9478046894073486
citeseer,6,8,attention,0.1,0.7,0.05,0.5275873732566835,0.9237703084945679,False,controller,gradient,0.75,0.6390000581741333,late_min_div,0.8928359150886536,False,,,0.6470000147819519,1.4752408856153478,0.8958077430725098,42.0,100.0,0.6720000505447388,0.6720000505447388,59410.0,1.5610206127166748
citeseer,7,8,attention,0.1,0.7,0.05,0.244337119460106,0.8295916318893433,False,controller,gradient,0.75,0.6390000581741333,late_min_div,0.8304206728935242,False,,,0.6790000200271606,1.5254183697700487,0.8345900177955627,45.0,100.0,0.690000057220459,0.6790000200271606,59410.0,1.5581073760986328
citeseer,8,8,attention,0.1,0.7,0.05,0.3030249130725861,0.9169164299964905,False,controller,gradient,0.75,0.6490000486373901,late_min_div,0.8615473508834839,False,,,0.6740000247955322,1.476374158859252,0.8654412031173706,27.0,100.0,0.6740000247955322,0.690000057220459,59410.0,1.606032133102417
citeseer,9,8,attention,0.1,0.7,0.05,0.4738689798116687,0.8269780874252319,False,controller,gradient,0.75,0.5830000042915344,late_min_div,0.8622517585754395,False,,,0.6680000424385071,1.4669308465719217,0.8663721680641174,56.0,100.0,0.6580000519752502,0.6680000424385071,59410.0,2.056020498275757
citeseer,0,8,attention,0.1,0.7,0.05,0.391037403345108,0.9201183319091797,False,controller,gradient,0.75,0.5740000009536743,late_last,0.8870881199836731,False,,,0.6740000247955322,1.4898568469285967,0.8900682330131531,36.0,100.0,0.6800000071525574,0.6600000262260437,59410.0,1.658841848373413
citeseer,1,8,attention,0.1,0.7,0.05,0.23860287725925447,0.9121817350387573,False,controller,gradient,0.75,0.6030000448226929,late_last,0.8876858353614807,False,,,0.656000018119812,1.627351661324501,0.8908001184463501,23.0,100.0,0.6760000586509705,0.6710000038146973,59410.0,1.6178193092346191
citeseer,2,8,attention,0.1,0.7,0.05,0.3097380638122561,0.8092202544212341,False,controller,gradient,0.75,0.5420000553131104,late_last,0.6145098209381104,False,,,0.6440000534057617,1.51871769428253,0.615942120552063,57.0,100.0,0.6700000166893005,0.6340000033378601,59410.0,1.6537246704101562
citeseer,3,8,attention,0.1,0.7,0.05,0.4931516540050509,0.9227331876754761,False,controller,gradient,0.75,0.6220000386238098,late_last,0.8888592720031738,False,,,0.6700000166893005,1.448067364692687,0.8925586938858032,42.0,100.0,0.6520000100135803,0.6450000405311584,59410.0,2.002351999282837
citeseer,4,8,attention,0.1,0.7,0.05,0.21380620121955882,0.8969876766204834,False,controller,gradient,0.75,0.5540000200271606,late_last,0.8498271107673645,False,,,0.6620000600814819,1.5905052173137666,0.8537611365318298,22.0,100.0,0.6700000166893005,0.6660000085830688,59410.0,1.7207188606262207
citeseer,5,8,attention,0.1,0.7,0.05,0.37692042350769056,0.9166027307510376,False,controller,gradient,0.75,0.625,late_last,0.8947949409484863,False,,,0.6820000410079956,1.4552252769470209,0.8975244760513306,33.0,100.0,0.6960000395774841,0.6800000071525574,59410.0,1.5940821170806885
citeseer,6,8,attention,0.1,0.7,0.05,0.5275873374938966,0.9237703084945679,False,controller,gradient,0.75,0.6390000581741333,late_last,0.8928359150886536,False,,,0.6470000147819519,1.4752408856153478,0.8958077430725098,42.0,100.0,0.6720000505447388,0.6720000505447388,59410.0,1.6124606132507324
citeseer,7,8,attention,0.1,0.7,0.05,0.24433702707290658,0.8295916318893433,False,controller,gradient,0.75,0.6390000581741333,late_last,0.8304206728935242,False,,,0.6790000200271606,1.5254183697700487,0.8345900177955627,45.0,100.0,0.690000057220459,0.6790000200271606,59410.0,1.56211519241333
citeseer,8,8,attention,0.1,0.7,0.05,0.3030249100923539,0.9169164896011353,False,controller,gradient,0.75,0.6490000486373901,late_last,0.8615472912788391,False,,,0.6740000247955322,1.476374158859252,0.8654412031173706,27.0,100.0,0.6740000247955322,0.690000057220459,59410.0,2.0385115146636963
citeseer,9,8,attention,0.1,0.7,0.05,0.47386897087097196,0.8269780278205872,False,controller,gradient,0.75,0.5830000042915344,late_last,0.8622517585754395,False,,,0.6680000424385071,1.4669308465719217,0.8663721680641174,56.0,100.0,0.6580000519752502,0.6680000424385071,59410.0,1.678304672241211
citeseer,0,8,attention,0.1,0.7,0.05,0.25858077228069315,0.9805575609207153,False,controller,random,0.75,0.5950000286102295,best,0.9905872344970703,False,,,0.7070000171661377,0.1763274866342545,0.9911414980888367,17.0,100.0,0.690000057220459,0.675000011920929,59410.0,1.73264479637146
citeseer,1,8,attention,0.1,0.7,0.05,0.2333666348457337,0.9865769147872925,False,controller,random,0.75,0.6200000047683716,best,0.9895116686820984,False,,,0.6770000457763672,0.32251917600631724,0.9897427558898926,15.0,100.0,0.7020000219345093,0.6940000057220459,59410.0,1.7303929328918457
citeseer,2,8,attention,0.1,0.7,0.05,0.25446805059909827,0.9198437333106995,False,controller,random,0.75,0.5920000076293945,best,0.8049739003181458,False,,,0.690000057220459,1.5418520325422282,0.8087959885597229,24.0,100.0,0.7040000557899475,0.6680000424385071,59410.0,1.9906270503997803
citeseer,3,8,attention,0.1,0.7,0.05,0.34474957346916213,0.9767028093338013,False,controller,random,0.75,0.5770000219345093,best,0.9921757578849792,False,,,0.6890000104904175,0.13268982231616977,0.99278724193573,23.0,100.0,0.690000057220459,0.6800000071525574,59410.0,1.9464170932769775
citeseer,4,8,attention,0.1,0.7,0.05,0.28252615630626676,0.9716600775718689,False,controller,random,0.75,0.6480000019073486,best,0.9893972873687744,False,,,0.6880000233650208,0.3225576627254487,0.9896777272224426,19.0,100.0,0.7000000476837158,0.7040000557899475,59410.0,1.7349555492401123
citeseer,5,8,attention,0.1,0.7,0.05,0.17508919119834904,0.9879590272903442,False,controller,random,0.75,0.5860000252723694,best,0.9913125038146973,False,,,0.6720000505447388,0.14710032045841218,0.9919008016586304,11.0,100.0,0.706000030040741,0.6890000104904175,59410.0,1.7494492530822754
citeseer,6,8,attention,0.1,0.7,0.05,0.4781759089231492,0.9663898944854736,False,controller,random,0.75,0.6420000195503235,best,0.9924980401992798,False,,,0.6960000395774841,0.1621048474311829,0.9929153919219971,33.0,100.0,0.6800000071525574,0.6860000491142273,59410.0,1.7201523780822754
citeseer,7,8,attention,0.1,0.7,0.05,0.01396071553230286,0.9809090495109558,False,controller,random,0.75,0.6640000343322754,best,0.9858847260475159,False,,,0.6810000538825989,0.3206308144330978,0.9863932728767395,0.0,100.0,0.6800000071525574,0.6800000071525574,59410.0,2.0624141693115234
citeseer,8,8,attention,0.1,0.7,0.05,0.37318404495716095,0.9590380787849426,False,controller,random,0.75,0.687000036239624,best,0.9893965721130371,False,,,0.7020000219345093,0.2055931842327118,0.9900772571563721,26.0,100.0,0.7100000381469727,0.6850000619888306,59410.0,1.703429937362671
citeseer,9,8,attention,0.1,0.7,0.05,0.8147365170717241,0.9142708778381348,False,controller,random,0.75,0.6180000305175781,best,0.9906625747680664,False,,,0.6820000410079956,0.19080886960029605,0.9910407066345215,61.0,100.0,0.690000057220459,0.6740000247955322,59410.0,1.6873762607574463
citeseer,0,8,attention,0.1,0.7,0.05,0.5538321107625962,0.8797646760940552,False,controller,random,0.75,0.550000011920929,late_min_div,0.8870881199836731,False,,,0.6740000247955322,1.4898568469285967,0.8900682330131531,54.0,100.0,0.690000057220459,0.6580000519752502,59410.0,1.7410213947296143
citeseer,1,8,attention,0.1,0.7,0.05,1.067499330043793,0.9193519949913025,False,controller,random,0.75,0.6330000162124634,late_min_div,0.8876858353614807,False,,,0.656000018119812,1.627351661324501,0.8908001184463501,80.0,100.0,0.6920000314712524,0.6800000071525574,59410.0,2.2022013664245605
citeseer,2,8,attention,0.1,0.7,0.05,0.3981845486164094,0.7682660818099976,False,controller,random,0.75,0.5440000295639038,late_min_div,0.6145098209381104,False,,,0.6440000534057617,1.51871769428253,0.615942120552063,74.0,100.0,0.6880000233650208,0.6550000309944153,59410.0,1.7483975887298584
citeseer,3,8,attention,0.1,0.7,0.05,0.21685961246490484,0.941398024559021,False,controller,random,0.75,0.5790000557899475,late_min_div,0.8888592720031738,False,,,0.6700000166893005,1.448067364692687,0.8925586938858032,18.0,100.0,0.6840000152587891,0.6780000329017639,59410.0,1.7249677181243896
citeseer,4,8,attention,0.1,0.7,0.05,0.18559028923511509,0.9263453483581543,False,controller,random,0.75,0.5920000076293945,late_min_div,0.8498271107673645,False,,,0.6620000600814819,1.5905052173137666,0.8537611365318298,17.0,100.0,0.6780000329017639,0.6660000085830688,59410.0,1.6992292404174805
citeseer,5,8,attention,0.1,0.7,0.05,0.1908738392591477,0.9321627616882324,False,controller,random,0.75,0.6370000243186951,late_min_div,0.8947949409484863,False,,,0.6820000410079956,1.4552252769470209,0.8975244760513306,16.0,100.0,0.690000057220459,0.6780000329017639,59410.0,2.200010061264038
citeseer,6,8,attention,0.1,0.7,0.05,0.4214901632070542,0.9346647262573242,False,controller,random,0.75,0.6390000581741333,late_min_div,0.8928359150886536,False,,,0.6470000147819519,1.4752408856153478,0.8958077430725098,33.0,100.0,0.6620000600814819,0.6520000100135803,59410.0,1.6969826221466064
citeseer,7,8,attention,0.1,0.7,0.05,0.5413392055034638,0.6874451637268066,False,controller,random,0.75,0.5879999995231628,late_min_div,0.8304206728935242,False,,,0.6790000200271606,1.5254183697700487,0.8345900177955627,96.0,100.0,0.6720000505447388,0.659000039100647,59410.0,1.6760532855987549
citeseer,8,8,attention,0.1,0.7,0.05,0.5703268790245059,0.8593172430992126,False,controller,random,0.75,0.6550000309944153,late_min_div,0.8615472912788391,False,,,0.6740000247955322,1.476374158859252,0.8654412031173706,55.0,100.0,0.6980000138282776,0.6830000281333923,59410.0,1.7417724132537842
citeseer,9,8,attention,0.1,0.7,0.05,0.5301877135038376,0.9089087247848511,False,controller,random,0.75,0.6240000128746033,late_min_div,0.8622517585754395,False,,,0.6680000424385071,1.4669308465719217,0.8663721680641174,45.0,100.0,0.6740000247955322,0.6780000329017639,59410.0,2.168222427368164
citeseer,0,8,attention,0.1,0.7,0.05,0.5538320720195771,0.8797646760940552,False,controller,random,0.75,0.550000011920929,late_last,0.8870881199836731,False,,,0.6740000247955322,1.4898568469285967,0.8900682330131531,54.0,100.0,0.690000057220459,0.6580000519752502,59410.0,1.722891092300415
citeseer,1,8,attention,0.1,0.7,0.05,1.0674992913007737,0.9193520545959473,False,controller,random,0.75,0.6330000162124634,late_last,0.8876858353614807,False,,,0.656000018119812,1.627351661324501,0.8908001184463501,80.0,100.0,0.6920000314712524,0.6800000071525574,59410.0,1.7420573234558105
citeseer,2,8,attention,0.1,0.7,0.05,0.39818456351757053,0.7682662010192871,False,controller,random,0.75,0.5440000295639038,late_last,0.6145098209381104,False,,,0.6440000534057617,1.51871769428253,0.615942120552063,74.0,100.0,0.6880000233650208,0.6550000309944153,59410.0,1.7200284004211426
citeseer,3,8,attention,0.1,0.7,0.05,0.21685961842536933,0.9413979649543762,False,controller,random,0.75,0.5790000557899475,late_last,0.8888592720031738,False,,,0.6700000166893005,1.448067364692687,0.8925586938858032,18.0,100.0,0.6840000152587891,0.6780000329017639,59410.0,2.132509231567383
citeseer,4,8,attention,0.1,0.7,0.05,0.18559029221534737,0.9263453483581543,False,controller,random,0.75,0.5920000076293945,late_last,0.8498271107673645,False,,,0.6620000600814819,1.5905052173137666,0.8537611365318298,17.0,100.0,0.6780000329017639,0.6660000085830688,59410.0,1.7151963710784912
citeseer,5,8,attention,0.1,0.7,0.05,0.19087384521961218,0.9321627020835876,False,controller,random,0.75,0.6370000243186951,late_last,0.8947949409484863,False,,,0.6820000410079956,1.4552252769470209,0.8975244760513306,16.0,100.0,0.690000057220459,0.6780000329017639,59410.0,1.6964502334594727
citeseer,6,8,attention,0.1,0.7,0.05,0.42149017214775086,0.9346646070480347,False,controller,random,0.75,0.6390000581741333,late_last,0.8928359150886536,False,,,0.6470000147819519,1.4752408856153478,0.8958077430725098,33.0,100.0,0.6620000600814819,0.6520000100135803,59410.0,1.7708823680877686
citeseer,7,8,attention,0.1,0.7,0.05,0.5413392144441608,0.6874452829360962,False,controller,random,0.75,0.5879999995231628,late_last,0.8304206728935242,False,,,0.6790000200271606,1.5254183697700487,0.8345900177955627,96.0,100.0,0.6720000505447388,0.659000039100647,59410.0,1.9557685852050781
citeseer,8,8,attention,0.1,0.7,0.05,0.5703268998861314,0.8593173027038574,False,controller,random,0.75,0.6550000309944153,late_last,0.8615473508834839,False,,,0.6740000247955322,1.476374158859252,0.8654412031173706,55.0,100.0,0.6980000138282776,0.6830000281333923,59410.0,1.8784432411193848
citeseer,9,8,attention,0.1,0.7,0.05,0.5301877045631408,0.9089087843894958,False,controller,random,0.75,0.6240000128746033,late_last,0.8622517585754395,False,,,0.6680000424385071,1.4669308465719217,0.8663721680641174,45.0,100.0,0.6740000247955322,0.6780000329017639,59410.0,1.766782522201538
pubmed,0,8,attention,0.1,0.7,0.05,0.029654957652091987,0.9962655305862427,False,controller,diversity,0.75,0.7470000386238098,best,0.9982245564460754,False,,,0.7770000100135803,1.3475815087556837,0.9982640743255615,1.0,100.0,0.7800000309944153,0.7630000114440918,8105.0,1.6572511196136475
pubmed,1,8,attention,0.1,0.7,0.05,1.2085328811407088,0.9964336156845093,False,controller,diversity,0.75,0.7310000061988831,best,0.9934582710266113,False,,,0.7740000486373901,2.2348084121942526,0.9935572743415833,80.0,100.0,0.7760000228881836,0.7420000433921814,8105.0,1.6885263919830322
pubmed,2,8,attention,0.1,0.7,0.05,0.013570674657821658,0.9707295298576355,False,controller,diversity,0.75,0.7640000581741333,best,0.9888958930969238,False,,,0.7750000357627869,2.778007294535638,0.9891014695167542,0.0,100.0,0.7980000376701355,0.7710000276565552,8105.0,1.8133013248443604
pubmed,3,8,attention,0.1,0.7,0.05,1.0041981643438342,0.9796975255012512,False,controller,diversity,0.75,0.7740000486373901,best,0.9988030195236206,False,,,0.76500004529953,1.3482405126094816,0.998833417892456,68.0,100.0,0.7900000214576721,0.7750000357627869,8105.0,1.5881259441375732
pubmed,4,8,attention,0.1,0.7,0.05,0.47210405647754683,0.9414021968841553,False,controller,diversity,0.75,0.7270000576972961,best,0.98679518699646,False,,,0.7640000581741333,2.7259313172101973,0.9870108366012573,36.0,100.0,0.7900000214576721,0.7640000581741333,8105.0,1.6491539478302002
pubmed,5,8,attention,0.1,0.7,0.05,0.14898341298103338,0.9976011514663696,False,controller,diversity,0.75,0.7490000128746033,best,0.9948315620422363,False,,,0.7710000276565552,2.4039052897691717,0.9949518442153931,9.0,100.0,0.7860000133514404,0.7570000290870667,8105.0,1.6876356601715088
pubmed,6,8,attention,0.1,0.7,0.05,0.6225206303596499,0.9933103919029236,False,controller,diversity,0.75,0.7500000596046448,best,0.9974932670593262,False,,,0.7680000066757202,1.8256251621246333,0.9975445866584778,41.0,100.0,0.7920000553131104,0.7690000534057617,8105.0,1.886681318283081
pubmed,7,8,attention,0.1,0.7,0.05,1.2346826702356337,0.9806129336357117,False,controller,diversity,0.75,0.7390000224113464,best,0.9983875155448914,False,,,0.7910000085830688,1.7667352747917173,0.9984098672866821,84.0,100.0,0.7940000295639038,0.7670000195503235,8105.0,1.6247179508209229
pubmed,8,8,attention,0.1,0.7,0.05,1.0129986661672594,0.9632118344306946,False,controller,diversity,0.75,0.7390000224113464,best,0.9978333711624146,False,,,0.7670000195503235,1.6908451151847845,0.9978624582290649,71.0,100.0,0.7940000295639038,0.7680000066757202,8105.0,1.599613904953003
pubmed,9,8,attention,0.1,0.7,0.05,0.5660452008247379,0.9759521484375,False,controller,diversity,0.75,0.753000020980835,best,0.9955717325210571,False,,,0.7640000581741333,2.2103667926788337,0.9956737756729126,39.0,100.0,0.7820000648498535,0.7590000629425049,8105.0,1.6473827362060547
pubmed,0,8,attention,0.1,0.7,0.05,1.2149879157543182,0.9572317600250244,False,controller,diversity,0.75,0.76500004529953,late_min_div,0.9851069450378418,False,,,0.7730000615119934,2.8161955952644377,0.9854530096054077,89.0,100.0,0.7860000133514404,0.7510000467300415,8105.0,1.9131138324737549
pubmed,1,8,attention,0.1,0.7,0.05,0.4465361177921296,0.997459352016449,False,controller,diversity,0.75,0.7090000510215759,late_min_div,0.9846115708351135,False,,,0.7640000581741333,2.9593467533588425,0.984882652759552,29.0,100.0,0.7700000405311584,0.737000048160553,8105.0,1.6250760555267334
pubmed,2,8,attention,0.1,0.7,0.05,0.1303239613771439,0.9587672352790833,False,controller,diversity,0.75,0.7420000433921814,late_min_div,0.9856669902801514,False,,,0.7680000066757202,2.964881381392481,0.9859589338302612,9.0,100.0,0.7920000553131104,0.7670000195503235,8105.0,1.577005386352539
pubmed,3,8,attention,0.1,0.7,0.05,0.2562727224826814,0.9798067808151245,False,controller,diversity,0.75,0.7820000648498535,late_min_div,0.991615891456604,False,,,0.7700000405311584,2.8285256683826474,0.9917757511138916,17.0,100.0,0.796000063419342,0.7800000309944153,8105.0,1.6528854370117188
pubmed,4,8,attention,0.1,0.7,0.05,0.42914832532405867,0.9343083500862122,False,controller,diversity,0.75,0.7390000224113464,late_min_div,0.981784999370575,False,,,0.7690000534057617,2.953740882873536,0.9821900129318237,34.0,100.0,0.7920000553131104,0.7620000243186951,8105.0,1.9931628704071045
pubmed,5,8,attention,0.1,0.7,0.05,0.8592702096700671,0.9854934215545654,False,controller,diversity,0.75,0.7440000176429749,late_min_div,0.9891186356544495,False,,,0.7640000581741333,2.9738753765821455,0.9893118739128113,58.0,100.0,0.784000039100647,0.7590000629425049,8105.0,1.5586137771606445
pubmed,6,8,attention,0.1,0.7,0.05,0.7360992622375488,0.9700607657432556,False,controller,diversity,0.75,0.7510000467300415,late_min_div,0.9878804683685303,False,,,0.7680000066757202,2.971897438168529,0.9881241917610168,52.0,100.0,0.8040000200271606,0.7780000567436218,8105.0,1.5888240337371826
pubmed,7,8,attention,0.1,0.7,0.05,0.9463091391324996,0.9724825620651245,False,controller,diversity,0.75,0.7380000352859497,late_min_div,0.9932292103767395,False,,,0.7770000100135803,2.9819171428680447,0.993328869342804,66.0,100.0,0.7980000376701355,0.7660000324249268,8105.0,1.6021308898925781
pubmed,8,8,attention,0.1,0.7,0.05,0.5844308620691301,0.9542184472084045,False,controller,diversity,0.75,0.7420000433921814,late_min_div,0.9891977906227112,False,,,0.7720000147819519,2.9721937388181714,0.9894026517868042,43.0,100.0,0.7900000214576721,0.7610000371932983,8105.0,1.814206838607788
pubmed,9,8,attention,0.1,0.7,0.05,0.9185964769124986,0.9523786306381226,False,controller,diversity,0.75,0.7480000257492065,late_min_div,0.9885590672492981,False,,,0.7610000371932983,2.971438053250316,0.9888037443161011,68.0,100.0,0.7820000648498535,0.7560000419616699,8105.0,1.5762627124786377
pubmed,0,8,attention,0.1,0.7,0.05,1.2149879157543182,0.9572317600250244,False,controller,diversity,0.75,0.76500004529953,late_last,0.9851069450378418,False,,,0.7730000615119934,2.8161955952644377,0.9854530096054077,89.0,100.0,0.7860000133514404,0.7510000467300415,8105.0,1.60551118850708
pubmed,1,8,attention,0.1,0.7,0.05,0.44653612673282633,0.997459352016449,False,controller,diversity,0.75,0.7090000510215759,late_last,0.9846115708351135,False,,,0.7640000581741333,2.9593467533588425,0.984882652759552,29.0,100.0,0.7700000405311584,0.737000048160553,8105.0,1.721909523010254
pubmed,2,8,attention,0.1,0.7,0.05,0.1303239613771439,0.9587672352790833,False,controller,diversity,0.75,0.7420000433921814,late_last,0.9856669902801514,False,,,0.7680000066757202,2.964881381392481,0.9859589338302612,9.0,100.0,0.7920000553131104,0.7670000195503235,8105.0,1.8515903949737549
pubmed,3,8,attention,0.1,0.7,0.05,0.2562727314233781,0.9798067808151245,False,controller,diversity,0.75,0.7820000648498535,late_last,0.991615891456604,False,,,0.7700000405311584,2.8285256683826474,0.9917757511138916,17.0,100.0,0.796000063419342,0.7800000309944153,8105.0,1.6639962196350098
pubmed,4,8,attention,0.1,0.7,0.05,0.42914832830429084,0.9343083500862122,False,controller,diversity,0.75,0.7390000224113464,late_last,0.981784999370575,False,,,0.7690000534057617,2.953740882873536,0.9821900129318237,34.0,100.0,0.7920000553131104,0.7620000243186951,8105.0,1.6398110389709473
pubmed,5,8,attention,0.1,0.7,0.05,0.8592702186107637,0.9854934215545654,False,controller,diversity,0.75,0.7440000176429749,late_last,0.9891186356544495,False,,,0.7640000581741333,2.9738753765821455,0.9893118739128113,58.0,100.0,0.784000039100647,0.7590000629425049,8105.0,1.6495392322540283
pubmed,6,8,attention,0.1,0.7,0.05,0.7360992503166198,0.9700607657432556,False,controller,diversity,0.75,0.7510000467300415,late_last,0.9878804683685303,False,,,0.7680000066757202,2.971897438168529,0.9881241917610168,52.0,100.0,0.8040000200271606,0.7780000567436218,8105.0,1.9451375007629395
pubmed,7,8,attention,0.1,0.7,0.05,0.9463091301918028,0.9724826216697693,False,controller,diversity,0.75,0.7380000352859497,late_last,0.9932292103767395,False,,,0.7770000100135803,2.9819171428680447,0.993328869342804,66.0,100.0,0.7980000376701355,0.7660000324249268,8105.0,1.6015138626098633
pubmed,8,8,attention,0.1,0.7,0.05,0.5844308710098267,0.9542185068130493,False,controller,diversity,0.75,0.7420000433921814,late_last,0.9891977906227112,False,,,0.7720000147819519,2.9721937388181714,0.9894026517868042,43.0,100.0,0.7900000214576721,0.7610000371932983,8105.0,1.6516742706298828
pubmed,9,8,attention,0.1,0.7,0.05,0.9185964769124986,0.9523786306381226,False,controller,diversity,0.75,0.7480000257492065,late_last,0.9885590672492981,False,,,0.7610000371932983,2.971438053250316,0.9888037443161011,68.0,100.0,0.7820000648498535,0.7560000419616699,8105.0,1.6253080368041992
pubmed,0,8,attention,0.1,0.7,0.05,0.9623843419551853,0.9758943319320679,False,controller,magnitude,0.75,0.7360000610351562,best,0.9982245564460754,False,,,0.7770000100135803,1.3475815087556837,0.9982640743255615,66.0,100.0,0.7820000648498535,0.7520000338554382,8105.0,1.8967463970184326
pubmed,1,8,attention,0.1,0.7,0.05,1.2085328513383864,0.9964336156845093,False,controller,magnitude,0.75,0.7310000061988831,best,0.9934582710266113,False,,,0.7740000486373901,2.2348084121942526,0.9935572743415833,80.0,100.0,0.7760000228881836,0.7420000433921814,8105.0,1.6788330078125
pubmed,2,8,attention,0.1,0.7,0.05,0.013570674657821658,0.9707295298576355,False,controller,magnitude,0.75,0.7640000581741333,best,0.9888958930969238,False,,,0.7750000357627869,2.778007294535638,0.9891014695167542,0.0,100.0,0.7980000376701355,0.7710000276565552,8105.0,1.6199593544006348
pubmed,3,8,attention,0.1,0.7,0.05,1.1041921168565751,0.9878889322280884,False,controller,magnitude,0.75,0.7450000643730164,best,0.9988030195236206,False,,,0.76500004529953,1.3482405126094816,0.998833417892456,74.0,100.0,0.796000063419342,0.7690000534057617,8105.0,1.6676294803619385
pubmed,4,8,attention,0.1,0.7,0.05,0.5179634034633638,0.9940633773803711,False,controller,magnitude,0.75,0.7400000095367432,best,0.98679518699646,False,,,0.7640000581741333,2.7259313172101973,0.9870108366012573,34.0,100.0,0.784000039100647,0.7660000324249268,8105.0,1.8709676265716553
pubmed,5,8,attention,0.1,0.7,0.05,1.2444042176008225,0.9868378043174744,False,controller,magnitude,0.75,0.7300000190734863,best,0.9948314428329468,False,,,0.7710000276565552,2.4039052897691717,0.9949518442153931,84.0,100.0,0.7820000648498535,0.7590000629425049,8105.0,1.6188116073608398
pubmed,6,8,attention,0.1,0.7,0.05,0.6443839383125306,0.9995858669281006,False,controller,magnitude,0.75,0.7580000162124634,best,0.9974932670593262,False,,,0.7680000066757202,1.8256251621246333,0.9975445866584778,42.0,100.0,0.7920000553131104,0.7700000405311584,8105.0,1.6142852306365967
pubmed,7,8,attention,0.1,0.7,0.05,0.5821926748752595,0.998198926448822,False,controller,magnitude,0.75,0.7850000262260437,best,0.9983875155448914,False,,,0.7910000085830688,1.7667352747917173,0.9984098672866821,38.0,100.0,0.800000011920929,0.7760000228881836,8105.0,1.6917638778686523
pubmed,8,8,attention,0.1,0.7,0.05,1.0326999121904372,0.9834703207015991,False,controller,magnitude,0.75,0.7440000176429749,best,0.9978333711624146,False,,,0.7670000195503235,1.6908451151847845,0.9978624582290649,70.0,100.0,0.7940000295639038,0.7680000066757202,8105.0,1.820528507232666
pubmed,9,8,attention,0.1,0.7,0.05,0.7443367749452594,0.9973504543304443,False,controller,magnitude,0.75,0.7800000309944153,best,0.9955717325210571,False,,,0.7640000581741333,2.2103667926788337,0.9956737756729126,49.0,100.0,0.7980000376701355,0.7600000500679016,8105.0,1.6103718280792236
pubmed,0,8,attention,0.1,0.7,0.05,1.2149879217147825,0.9572317004203796,False,controller,magnitude,0.75,0.76500004529953,late_min_div,0.9851069450378418,False,,,0.7730000615119934,2.8161955952644377,0.9854530096054077,89.0,100.0,0.7860000133514404,0.7510000467300415,8105.0,1.5872218608856201
pubmed,1,8,attention,0.1,0.7,0.05,0.4465361297130585,0.997459352016449,False,controller,magnitude,0.75,0.7090000510215759,late_min_div,0.9846115708351135,False,,,0.7640000581741333,2.9593467533588425,0.984882652759552,29.0,100.0,0.7700000405311584,0.737000048160553,8105.0,1.8137500286102295
pubmed,2,8,attention,0.1,0.7,0.05,0.13032396435737612,0.9587672352790833,False,controller,magnitude,0.75,0.7420000433921814,late_min_div,0.9856669902801514,False,,,0.7680000066757202,2.964881381392481,0.9859589338302612,9.0,100.0,0.7920000553131104,0.7670000195503235,8105.0,1.8201663494110107
pubmed,3,8,attention,0.1,0.7,0.05,0.17242111444473274,0.9856294989585876,False,controller,magnitude,0.75,0.7600000500679016,late_min_div,0.991615891456604,False,,,0.7700000405311584,2.8285256683826474,0.9917757511138916,11.0,100.0,0.800000011920929,0.7710000276565552,8105.0,1.5978000164031982
pubmed,4,8,attention,0.1,0.7,0.05,0.45691421866416937,0.9929815530776978,False,controller,magnitude,0.75,0.7120000123977661,late_min_div,0.981784999370575,False,,,0.7690000534057617,2.953740882873536,0.9821900129318237,30.0,100.0,0.7820000648498535,0.76500004529953,8105.0,1.646951675415039
pubmed,5,8,attention,0.1,0.7,0.05,0.88061898291111,0.9831322431564331,False,controller,magnitude,0.75,0.7400000095367432,late_min_div,0.9891186356544495,False,,,0.7640000581741333,2.9738753765821455,0.9893118739128113,60.0,100.0,0.7800000309944153,0.7570000290870667,8105.0,1.7831406593322754
pubmed,6,8,attention,0.1,0.7,0.05,0.044891597032547005,0.9993249773979187,False,controller,magnitude,0.75,0.7450000643730164,late_min_div,0.9878804683685303,False,,,0.7680000066757202,2.971897438168529,0.9881241917610168,2.0,100.0,0.7880000472068787,0.7640000581741333,8105.0,1.752711296081543
pubmed,7,8,attention,0.1,0.7,0.05,1.0169920033216477,0.9921214580535889,False,controller,magnitude,0.75,0.7720000147819519,late_min_div,0.9932292103767395,False,,,0.7770000100135803,2.9819171428680447,0.993328869342804,68.0,100.0,0.7980000376701355,0.7680000066757202,8105.0,1.6554508209228516
pubmed,8,8,attention,0.1,0.7,0.05,0.9573355072736744,0.9605485796928406,False,controller,magnitude,0.75,0.7580000162124634,late_min_div,0.9891977906227112,False,,,0.7720000147819519,2.9721937388181714,0.9894026517868042,70.0,100.0,0.7980000376701355,0.7640000581741333,8105.0,1.6254782676696777
pubmed,9,8,attention,0.1,0.7,0.05,0.15778189241886142,0.9856982827186584,False,controller,magnitude,0.75,0.7410000562667847,late_min_div,0.9885590672492981,False,,,0.7610000371932983,2.971438053250316,0.9888037443161011,10.0,100.0,0.784000039100647,0.7540000081062317,8105.0,1.8166782855987549
pubmed,0,8,attention,0.1,0.7,0.05,1.214987888932228,0.9572317600250244,False,controller,magnitude,0.75,0.76500004529953,late_last,0.9851069450378418,False,,,0.7730000615119934,2.8161955952644377,0.9854530096054077,89.0,100.0,0.7860000133514404,0.7510000467300415,8105.0,1.6872105598449707
pubmed,1,8,attention,0.1,0.7,0.05,0.446536123752594,0.9974592924118042,False,controller,magnitude,0.75,0.7090000510215759,late_last,0.9846115708351135,False,,,0.7640000581741333,2.9593467533588425,0.984882652759552,29.0,100.0,0.7700000405311584,0.737000048160553,8105.0,1.6561145782470703
pubmed,2,8,attention,0.1,0.7,0.05,0.13032396435737614,0.9587672352790833,False,controller,magnitude,0.75,0.7420000433921814,late_last,0.9856669902801514,False,,,0.7680000066757202,2.964881381392481,0.9859589338302612,9.0,100.0,0.7920000553131104,0.7670000195503235,8105.0,1.6046411991119385
pubmed,3,8,attention,0.1,0.7,0.05,0.17242111146450048,0.9856295585632324,False,controller,magnitude,0.75,0.7600000500679016,late_last,0.991615891456604,False,,,0.7700000405311584,2.8285256683826474,0.9917757511138916,11.0,100.0,0.800000011920929,0.7710000276565552,8105.0,1.8560023307800293
pubmed,4,8,attention,0.1,0.7,0.05,0.4569142186641694,0.9929815530776978,False,controller,magnitude,0.75,0.7120000123977661,late_last,0.981784999370575,False,,,0.7690000534057617,2.953740882873536,0.9821900129318237,30.0,100.0,0.7820000648498535,0.76500004529953,8105.0,1.6985883712768555
pubmed,5,8,attention,0.1,0.7,0.05,0.8806189382076264,0.9831322431564331,False,controller,magnitude,0.75,0.7400000095367432,late_last,0.9891186356544495,False,,,0.7640000581741333,2.9738753765821455,0.9893118739128113,60.0,100.0,0.7800000309944153,0.7570000290870667,8105.0,1.6215384006500244
pubmed,6,8,attention,0.1,0.7,0.05,0.04489160299301148,0.9993249773979187,False,controller,magnitude,0.75,0.7450000643730164,late_last,0.9878804683685303,False,,,0.7680000066757202,2.971897438168529,0.9881241917610168,2.0,100.0,0.7880000472068787,0.7640000581741333,8105.0,1.6471354961395264
pubmed,7,8,attention,0.1,0.7,0.05,1.0169920152425767,0.9921214580535889,False,controller,magnitude,0.75,0.7720000147819519,late_last,0.9932292103767395,False,,,0.7770000100135803,2.9819171428680447,0.993328869342804,68.0,100.0,0.7980000376701355,0.7680000066757202,8105.0,1.934492588043213
pubmed,8,8,attention,0.1,0.7,0.05,0.9573354715108875,0.9605486989021301,False,controller,magnitude,0.75,0.7580000162124634,late_last,0.9891977906227112,False,,,0.7720000147819519,2.9721937388181714,0.9894026517868042,70.0,100.0,0.7980000376701355,0.7640000581741333,8105.0,1.7439310550689697
pubmed,9,8,attention,0.1,0.7,0.05,0.15778189539909365,0.9856982827186584,False,controller,magnitude,0.75,0.7410000562667847,late_last,0.9885590672492981,False,,,0.7610000371932983,2.971438053250316,0.9888037443161011,10.0,100.0,0.784000039100647,0.7540000081062317,8105.0,1.659703016281128
pubmed,0,8,attention,0.1,0.7,0.05,0.029654957652091987,0.9962655901908875,False,controller,gradient,0.75,0.7470000386238098,best,0.9982245564460754,False,,,0.7770000100135803,1.3475815087556837,0.9982640743255615,1.0,100.0,0.7800000309944153,0.7630000114440918,8105.0,1.470454216003418
pubmed,1,8,attention,0.1,0.7,0.05,1.249898356795311,0.9611644744873047,False,controller,gradient,0.75,0.7740000486373901,best,0.9934582710266113,False,,,0.7740000486373901,2.2348084121942526,0.9935572743415833,88.0,100.0,0.7980000376701355,0.7710000276565552,8105.0,1.7638485431671143
pubmed,2,8,attention,0.1,0.7,0.05,0.11116007387638094,0.976242184638977,False,controller,gradient,0.75,0.7710000276565552,best,0.9888958930969238,False,,,0.7750000357627869,2.778007294535638,0.9891014695167542,7.0,100.0,0.7920000553131104,0.7690000534057617,8105.0,1.5941145420074463
pubmed,3,8,attention,0.1,0.7,0.05,1.1041917681694031,0.9878880977630615,False,controller,gradient,0.75,0.7450000643730164,best,0.9988030195236206,False,,,0.76500004529953,1.3482405126094816,0.998833417892456,74.0,100.0,0.796000063419342,0.7690000534057617,8105.0,1.5320186614990234
pubmed,4,8,attention,0.1,0.7,0.05,0.35114611327648165,0.9632442593574524,False,controller,gradient,0.75,0.7550000548362732,best,0.98679518699646,False,,,0.7640000581741333,2.7259313172101973,0.9870108366012573,25.0,100.0,0.7880000472068787,0.76500004529953,8105.0,1.4669702053070068
pubmed,5,8,attention,0.1,0.7,0.05,1.2444041758775712,0.9868378043174744,False,controller,gradient,0.75,0.7300000190734863,best,0.9948315620422363,False,,,0.7710000276565552,2.4039052897691717,0.9949518442153931,84.0,100.0,0.7820000648498535,0.7590000629425049,8105.0,1.7850282192230225
pubmed,6,8,attention,0.1,0.7,0.05,1.3265423274040216,0.9625806212425232,False,controller,gradient,0.75,0.7560000419616699,best,0.9974932670593262,False,,,0.7680000066757202,1.8256251621246333,0.9975445866584778,93.0,100.0,0.800000011920929,0.7830000519752502,8105.0,1.576401710510254
pubmed,7,8,attention,0.1,0.7,0.05,0.23867611825466162,0.9976010918617249,False,controller,gradient,0.75,0.7590000629425049,best,0.9983875155448914,False,,,0.7910000085830688,1.7667352747917173,0.9984098672866821,15.0,100.0,0.7920000553131104,0.7770000100135803,8105.0,1.5182485580444336
pubmed,8,8,attention,0.1,0.7,0.05,0.9795575755834578,0.9865220785140991,False,controller,gradient,0.75,0.734000027179718,best,0.9978333711624146,False,,,0.7670000195503235,1.6908451151847845,0.9978624582290649,66.0,100.0,0.7920000553131104,0.7690000534057617,8105.0,1.4804909229278564
pubmed,9,8,attention,0.1,0.7,0.05,0.0878128880262375,0.9916833639144897,False,controller,gradient,0.75,0.7620000243186951,best,0.9955717325210571,False,,,0.7640000581741333,2.2103667926788337,0.9956737756729126,5.0,100.0,0.800000011920929,0.7770000100135803,8105.0,1.6678056716918945
pubmed,0,8,attention,0.1,0.7,0.05,1.2149879217147823,0.9572317600250244,False,controller,gradient,0.75,0.76500004529953,late_min_div,0.9851069450378418,False,,,0.7730000615119934,2.8161955952644377,0.9854530096054077,89.0,100.0,0.7860000133514404,0.7510000467300415,8105.0,1.703655481338501
pubmed,1,8,attention,0.1,0.7,0.05,0.013586094379425052,0.9716935157775879,False,controller,gradient,0.75,0.7560000419616699,late_min_div,0.9846115708351135,False,,,0.7640000581741333,2.9593467533588425,0.984882652759552,0.0,100.0,0.7860000133514404,0.7580000162124634,8105.0,1.4642491340637207
pubmed,2,8,attention,0.1,0.7,0.05,0.10838632106781008,0.9693341851234436,False,controller,gradient,0.75,0.7610000371932983,late_min_div,0.9856669902801514,False,,,0.7680000066757202,2.964881381392481,0.9859589338302612,7.0,100.0,0.7900000214576721,0.7680000066757202,8105.0,1.5056254863739014
pubmed,3,8,attention,0.1,0.7,0.05,0.6142251944541932,0.9707624912261963,False,controller,gradient,0.75,0.7750000357627869,late_min_div,0.991615891456604,False,,,0.7700000405311584,2.8285256683826474,0.9917757511138916,43.0,100.0,0.800000011920929,0.7720000147819519,8105.0,1.6844651699066162
pubmed,4,8,attention,0.1,0.7,0.05,0.36729402363300334,0.9569149613380432,False,controller,gradient,0.75,0.753000020980835,late_min_div,0.981784999370575,False,,,0.7690000534057617,2.953740882873536,0.9821900129318237,27.0,100.0,0.7860000133514404,0.76500004529953,8105.0,1.5809082984924316
pubmed,5,8,attention,0.1,0.7,0.05,0.8806189560890196,0.9831322431564331,False,controller,gradient,0.75,0.7400000095367432,late_min_div,0.9891186356544495,False,,,0.7640000581741333,2.9738753765821455,0.9893118739128113,60.0,100.0,0.7800000309944153,0.7570000290870667,8105.0,1.5096232891082764
pubmed,6,8,attention,0.1,0.7,0.05,1.1554359036684032,0.9718313813209534,False,controller,gradient,0.75,0.7140000462532043,late_min_div,0.9878804683685303,False,,,0.7680000066757202,2.971897438168529,0.9881241917610168,81.0,100.0,0.7800000309944153,0.7670000195503235,8105.0,1.5821619033813477
pubmed,7,8,attention,0.1,0.7,0.05,1.2641262972354887,0.9892550110816956,False,controller,gradient,0.75,0.7700000405311584,late_min_div,0.9932292103767395,False,,,0.7770000100135803,2.9819171428680447,0.993328869342804,85.0,100.0,0.796000063419342,0.7720000147819519,8105.0,1.56113600730896
pubmed,8,8,attention,0.1,0.7,0.05,1.3017168253660207,0.9798569679260254,False,controller,gradient,0.75,0.7440000176429749,late_min_div,0.9891977906227112,False,,,0.7720000147819519,2.9721937388181714,0.9894026517868042,89.0,100.0,0.7940000295639038,0.7660000324249268,8105.0,1.8237354755401611
pubmed,9,8,attention,0.1,0.7,0.05,0.06992792785167697,0.9785610437393188,False,controller,gradient,0.75,0.7520000338554382,late_min_div,0.9885590672492981,False,,,0.7610000371932983,2.971438053250316,0.9888037443161011,4.0,100.0,0.7900000214576721,0.7750000357627869,8105.0,1.5407471656799316
pubmed,0,8,attention,0.1,0.7,0.05,1.2149878889322276,0.9572318196296692,False,controller,gradient,0.75,0.76500004529953,late_last,0.9851069450378418,False,,,0.7730000615119934,2.8161955952644377,0.9854530096054077,89.0,100.0,0.7860000133514404,0.7510000467300415,8105.0,1.5261156558990479
pubmed,1,8,attention,0.1,0.7,0.05,0.013586094379425052,0.9716935157775879,False,controller,gradient,0.75,0.7560000419616699,late_last,0.9846115708351135,False,,,0.7640000581741333,2.9593467533588425,0.984882652759552,0.0,100.0,0.7860000133514404,0.7580000162124634,8105.0,1.4881775379180908
pubmed,2,8,attention,0.1,0.7,0.05,0.10838631510734562,0.9693341851234436,False,controller,gradient,0.75,0.7610000371932983,late_last,0.9856669902801514,False,,,0.7680000066757202,2.964881381392481,0.9859589338302612,7.0,100.0,0.7900000214576721,0.7680000066757202,8105.0,1.7101376056671143
pubmed,3,8,attention,0.1,0.7,0.05,0.6142251914739608,0.9707624912261963,False,controller,gradient,0.75,0.7750000357627869,late_last,0.991615891456604,False,,,0.7700000405311584,2.8285256683826474,0.9917757511138916,43.0,100.0,0.800000011920929,0.7720000147819519,8105.0,1.5777041912078857
pubmed,4,8,attention,0.1,0.7,0.05,0.3672939997911454,0.9569149613380432,False,controller,gradient,0.75,0.753000020980835,late_last,0.981784999370575,False,,,0.7690000534057617,2.953740882873536,0.9821900129318237,27.0,100.0,0.7860000133514404,0.76500004529953,8105.0,1.4827444553375244
pubmed,5,8,attention,0.1,0.7,0.05,0.8806189382076266,0.9831323027610779,False,controller,gradient,0.75,0.7400000095367432,late_last,0.9891186356544495,False,,,0.7640000581741333,2.9738753765821455,0.9893118739128113,60.0,100.0,0.7800000309944153,0.7570000290870667,8105.0,1.511385202407837
pubmed,6,8,attention,0.1,0.7,0.05,1.1554358857870102,0.9718313813209534,False,controller,gradient,0.75,0.7140000462532043,late_last,0.9878804683685303,False,,,0.7680000066757202,2.971897438168529,0.9881241917610168,81.0,100.0,0.7800000309944153,0.7670000195503235,8105.0,1.686140537261963
pubmed,7,8,attention,0.1,0.7,0.05,1.2641263389587405,0.9892550706863403,False,controller,gradient,0.75,0.7700000405311584,late_last,0.9932292103767395,False,,,0.7770000100135803,2.9819171428680447,0.993328869342804,85.0,100.0,0.796000063419342,0.7720000147819519,8105.0,1.491023063659668
pubmed,8,8,attention,0.1,0.7,0.05,1.3017168253660203,0.9798569679260254,False,controller,gradient,0.75,0.7440000176429749,late_last,0.9891977906227112,False,,,0.7720000147819519,2.9721937388181714,0.9894026517868042,89.0,100.0,0.7940000295639038,0.7660000324249268,8105.0,1.4939541816711426
pubmed,9,8,attention,0.1,0.7,0.05,0.06992792785167697,0.9785610437393188,False,controller,gradient,0.75,0.7520000338554382,late_last,0.9885590672492981,False,,,0.7610000371932983,2.971438053250316,0.9888037443161011,4.0,100.0,0.7900000214576721,0.7750000357627869,8105.0,1.6842596530914307
pubmed,0,8,attention,0.1,0.7,0.05,0.2991230487823487,0.9984710812568665,False,controller,random,0.75,0.7830000519752502,best,0.9982245564460754,False,,,0.7770000100135803,1.3475815087556837,0.9982640743255615,19.0,100.0,0.796000063419342,0.7780000567436218,8105.0,1.780921459197998
pubmed,1,8,attention,0.1,0.7,0.05,0.5784377443790437,0.9657062888145447,False,controller,random,0.75,0.7500000596046448,best,0.9934582710266113,False,,,0.7740000486373901,2.2348084121942526,0.9935572743415833,41.0,100.0,0.784000039100647,0.7550000548362732,8105.0,1.623664140701294
pubmed,2,8,attention,0.1,0.7,0.05,0.042385111451148996,0.9826735258102417,False,controller,random,0.75,0.7580000162124634,best,0.9888958930969238,False,,,0.7750000357627869,2.778007294535638,0.9891014695167542,2.0,100.0,0.8020000457763672,0.7790000438690186,8105.0,1.6384685039520264
pubmed,3,8,attention,0.1,0.7,0.05,0.16484324574470524,0.9996683597564697,False,controller,random,0.75,0.7320000529289246,best,0.9988030195236206,False,,,0.76500004529953,1.3482405126094816,0.998833417892456,10.0,100.0,0.7800000309944153,0.7490000128746033,8105.0,1.9567029476165771
pubmed,4,8,attention,0.1,0.7,0.05,0.44340690433979035,0.959609866142273,False,controller,random,0.75,0.7130000591278076,best,0.98679518699646,False,,,0.7640000581741333,2.7259313172101973,0.9870108366012573,33.0,100.0,0.7880000472068787,0.7740000486373901,8105.0,1.6460988521575928
pubmed,5,8,attention,0.1,0.7,0.05,0.2540480571985246,0.9985764026641846,False,controller,random,0.75,0.7730000615119934,best,0.9948315620422363,False,,,0.7710000276565552,2.4039052897691717,0.9949518442153931,16.0,100.0,0.7980000376701355,0.7750000357627869,8105.0,1.6374247074127197
pubmed,6,8,attention,0.1,0.7,0.05,0.6178600478172305,0.9895167350769043,False,controller,random,0.75,0.7010000348091125,best,0.9974932670593262,False,,,0.7680000066757202,1.8256251621246333,0.9975445866584778,41.0,100.0,0.7900000214576721,0.76500004529953,8105.0,1.651719570159912
pubmed,7,8,attention,0.1,0.7,0.05,0.9198686730861665,0.9828813076019287,False,controller,random,0.75,0.7820000648498535,best,0.9983875155448914,False,,,0.7910000085830688,1.7667352747917173,0.9984098672866821,62.0,100.0,0.8020000457763672,0.781000018119812,8105.0,1.9169666767120361
pubmed,8,8,attention,0.1,0.7,0.05,1.3845566552877429,0.9930312037467957,False,controller,random,0.75,0.7660000324249268,best,0.9978333711624146,False,,,0.7670000195503235,1.6908451151847845,0.9978624582290649,92.0,100.0,0.8080000281333923,0.7820000648498535,8105.0,1.6629655361175537
pubmed,9,8,attention,0.1,0.7,0.05,0.13356481850147248,0.996345579624176,False,controller,random,0.75,0.7320000529289246,best,0.9955717325210571,False,,,0.7640000581741333,2.2103667926788337,0.9956737756729126,8.0,100.0,0.7800000309944153,0.7390000224113464,8105.0,1.6472320556640625
pubmed,0,8,attention,0.1,0.7,0.05,0.014857482314109806,0.9970620274543762,False,controller,random,0.75,0.7800000309944153,late_min_div,0.9851069450378418,False,,,0.7730000615119934,2.8161955952644377,0.9854530096054077,0.0,100.0,0.7980000376701355,0.7790000438690186,8105.0,1.5780353546142578
pubmed,1,8,attention,0.1,0.7,0.05,0.4354601627588272,0.9494507908821106,False,controller,random,0.75,0.7310000061988831,late_min_div,0.9846115708351135,False,,,0.7640000581741333,2.9593467533588425,0.984882652759552,33.0,100.0,0.7820000648498535,0.753000020980835,8105.0,2.029067277908325
pubmed,2,8,attention,0.1,0.7,0.05,0.4172738462686539,0.9779590368270874,False,controller,random,0.75,0.7640000581741333,late_min_div,0.9856669902801514,False,,,0.7680000066757202,2.964881381392481,0.9859589338302612,29.0,100.0,0.7980000376701355,0.7790000438690186,8105.0,1.5961391925811768
pubmed,3,8,attention,0.1,0.7,0.05,1.3401139050722117,0.9960736036300659,False,controller,random,0.75,0.7310000061988831,late_min_div,0.991615891456604,False,,,0.7700000405311584,2.8285256683826474,0.9917757511138916,89.0,100.0,0.784000039100647,0.7710000276565552,8105.0,1.6101329326629639
pubmed,4,8,attention,0.1,0.7,0.05,0.47291685461998,0.949144721031189,False,controller,random,0.75,0.7320000529289246,late_min_div,0.981784999370575,False,,,0.7690000534057617,2.953740882873536,0.9821900129318237,37.0,100.0,0.7880000472068787,0.7800000309944153,8105.0,1.6969053745269775
pubmed,5,8,attention,0.1,0.7,0.05,0.07445544302463533,0.9975724816322327,False,controller,random,0.75,0.7480000257492065,late_min_div,0.9891186356544495,False,,,0.7640000581741333,2.9738753765821455,0.9893118739128113,4.0,100.0,0.800000011920929,0.7700000405311584,8105.0,2.050891160964966
pubmed,6,8,attention,0.1,0.7,0.05,0.670443857908249,0.9687433838844299,False,controller,random,0.75,0.7560000419616699,late_min_div,0.9878804683685303,False,,,0.7680000066757202,2.971897438168529,0.9881241917610168,47.0,100.0,0.7820000648498535,0.7700000405311584,8105.0,1.5848720073699951
pubmed,7,8,attention,0.1,0.7,0.05,0.9242415332794193,0.966082751750946,False,controller,random,0.75,0.7260000109672546,late_min_div,0.9932292103767395,False,,,0.7770000100135803,2.9819171428680447,0.993328869342804,65.0,100.0,0.800000011920929,0.7790000438690186,8105.0,1.6533796787261963
pubmed,8,8,attention,0.1,0.7,0.05,1.440346888899803,0.9842543005943298,False,controller,random,0.75,0.7760000228881836,late_min_div,0.9891977906227112,False,,,0.7720000147819519,2.9721937388181714,0.9894026517868042,97.0,100.0,0.8080000281333923,0.781000018119812,8105.0,1.6005568504333496
pubmed,9,8,attention,0.1,0.7,0.05,0.029031969904899604,0.9903071522712708,False,controller,random,0.75,0.7430000305175781,late_min_div,0.9885590672492981,False,,,0.7610000371932983,2.971438053250316,0.9888037443161011,1.0,100.0,0.7800000309944153,0.7420000433921814,8105.0,1.951117992401123
pubmed,0,8,attention,0.1,0.7,0.05,0.014857482314109806,0.9970620274543762,False,controller,random,0.75,0.7800000309944153,late_last,0.9851069450378418,False,,,0.7730000615119934,2.8161955952644377,0.9854530096054077,0.0,100.0,0.7980000376701355,0.7790000438690186,8105.0,1.6034693717956543
pubmed,1,8,attention,0.1,0.7,0.05,0.43546016275882726,0.9494507908821106,False,controller,random,0.75,0.7310000061988831,late_last,0.9846115708351135,False,,,0.7640000581741333,2.9593467533588425,0.984882652759552,33.0,100.0,0.7820000648498535,0.753000020980835,8105.0,1.605574607849121
pubmed,2,8,attention,0.1,0.7,0.05,0.4172738373279572,0.9779590368270874,False,controller,random,0.75,0.7640000581741333,late_last,0.9856669902801514,False,,,0.7680000066757202,2.964881381392481,0.9859589338302612,29.0,100.0,0.7980000376701355,0.7790000438690186,8105.0,1.6523385047912598
pubmed,3,8,attention,0.1,0.7,0.05,1.3401139348745343,0.9960734844207764,False,controller,random,0.75,0.7310000061988831,late_last,0.991615891456604,False,,,0.7700000405311584,2.8285256683826474,0.9917757511138916,89.0,100.0,0.784000039100647,0.7710000276565552,8105.0,1.8574652671813965
pubmed,4,8,attention,0.1,0.7,0.05,0.4729168516397478,0.949144721031189,False,controller,random,0.75,0.7320000529289246,late_last,0.981784999370575,False,,,0.7690000534057617,2.953740882873536,0.9821900129318237,37.0,100.0,0.7880000472068787,0.7800000309944153,8105.0,1.6388111114501953
pubmed,5,8,attention,0.1,0.7,0.05,0.07445544302463533,0.9975724816322327,False,controller,random,0.75,0.7480000257492065,late_last,0.9891186356544495,False,,,0.7640000581741333,2.9738753765821455,0.9893118739128113,4.0,100.0,0.800000011920929,0.7700000405311584,8105.0,1.5928211212158203
pubmed,6,8,attention,0.1,0.7,0.05,0.6704438549280168,0.9687433838844299,False,controller,random,0.75,0.7560000419616699,late_last,0.9878804683685303,False,,,0.7680000066757202,2.971897438168529,0.9881241917610168,47.0,100.0,0.7820000648498535,0.7700000405311584,8105.0,1.9290025234222412
pubmed,7,8,attention,0.1,0.7,0.05,0.9242415213584898,0.966082751750946,False,controller,random,0.75,0.7260000109672546,late_last,0.9932292103767395,False,,,0.7770000100135803,2.9819171428680447,0.993328869342804,65.0,100.0,0.800000011920929,0.7790000438690186,8105.0,1.7178781032562256
pubmed,8,8,attention,0.1,0.7,0.05,1.4403468859195705,0.9842543005943298,False,controller,random,0.75,0.7760000228881836,late_last,0.9891977906227112,False,,,0.7720000147819519,2.9721937388181714,0.9894026517868042,97.0,100.0,0.8080000281333923,0.781000018119812,8105.0,1.6587224006652832
pubmed,9,8,attention,0.1,0.7,0.05,0.029031969904899604,0.9903071522712708,False,controller,random,0.75,0.7430000305175781,late_last,0.9885590672492981,False,,,0.7610000371932983,2.971438053250316,0.9888037443161011,1.0,100.0,0.7800000309944153,0.7420000433921814,8105.0,1.6485800743103027
cora,0,8,attention,0.1,0.5,0.01,0.26650677859783173,0.9790363311767578,False,controller,,,,,,False,,,,,,54.0,155.0,0.8119999766349792,0.8169999718666077,92373.0,31.8407986164093
cora,1,8,attention,0.1,0.5,0.01,0.8328379368782043,0.8912874460220337,False,controller,,,,,,False,,,,,,182.0,200.0,0.7900000214576721,0.8029999732971191,92373.0,49.73121190071106
cora,2,8,attention,0.1,0.5,0.01,0.23868884742259983,0.979892909526825,False,controller,,,,,,False,,,,,,48.0,149.0,0.8159999847412109,0.824999988079071,92373.0,40.039874792099
cora,3,8,attention,0.1,0.5,0.01,0.641543570160866,0.9331349730491638,False,controller,,,,,,False,,,,,,137.0,200.0,0.7960000038146973,0.8019999861717224,92373.0,55.71212911605835
cora,4,8,attention,0.1,0.5,0.01,0.11750612914562228,0.9812702536582947,False,controller,,,,,,False,,,,,,23.0,124.0,0.8180000185966492,0.8119999766349792,92373.0,54.252727031707764
cora,5,8,attention,0.1,0.5,0.01,0.22719163775444035,0.9752591252326965,False,controller,,,,,,False,,,,,,46.0,147.0,0.8040000200271606,0.8149999976158142,92373.0,57.76928687095642
cora,6,8,attention,0.1,0.5,0.01,0.09840754568576812,0.9876388907432556,False,controller,,,,,,False,,,,,,19.0,120.0,0.7919999957084656,0.8199999928474426,92373.0,40.38954424858093
cora,7,8,attention,0.1,0.5,0.01,0.18444884777069093,0.976768970489502,False,controller,,,,,,False,,,,,,37.0,138.0,0.7739999890327454,0.7710000276565552,92373.0,66.30605363845825
cora,8,8,attention,0.1,0.5,0.01,0.1267099952697754,0.9762120842933655,False,controller,,,,,,False,,,,,,25.0,126.0,0.8100000023841858,0.8109999895095825,92373.0,67.12337875366211
cora,9,8,attention,0.1,0.5,0.01,0.19914339900016784,0.9775434136390686,False,controller,,,,,,False,,,,,,40.0,141.0,0.8100000023841858,0.828000009059906,92373.0,69.72153878211975
cora,0,8,attention,0.1,0.7,0.01,0.15947940516471867,0.9800767302513123,False,controller,,,,,,False,,,,,,55.0,156.0,0.8119999766349792,0.8159999847412109,92373.0,61.08663296699524
cora,1,8,attention,0.1,0.7,0.01,0.48681762182712557,0.9437803030014038,False,controller,,,,,,False,,,,,,182.0,200.0,0.7860000133514404,0.8019999861717224,92373.0,73.88246202468872
cora,2,8,attention,0.1,0.7,0.01,0.13795873248577123,0.9807358384132385,False,controller,,,,,,False,,,,,,47.0,148.0,0.8159999847412109,0.8230000138282776,92373.0,79.02647304534912
cora,3,8,attention,0.1,0.7,0.01,0.37320535802841204,0.9560932517051697,False,controller,,,,,,False,,,,,,137.0,200.0,0.7960000038146973,0.8050000071525574,92373.0,78.48400330543518
cora,4,8,attention,0.1,0.7,0.01,0.06951647472381593,0.9814354777336121,False,controller,,,,,,False,,,,,,23.0,124.0,0.8180000185966492,0.8119999766349792,92373.0,43.5504629611969
cora,5,8,attention,0.1,0.7,0.01,0.06356354570388795,0.9822207689285278,False,controller,,,,,,False,,,,,,21.0,122.0,0.8019999861717224,0.8169999718666077,92373.0,42.42043876647949
cora,6,8,attention,0.1,0.7,0.01,0.061288546204566974,0.9871558547019958,False,controller,,,,,,False,,,,,,20.0,121.0,0.7940000295639038,0.8209999799728394,92373.0,60.681995153427124
cora,7,8,attention,0.1,0.7,0.01,0.10850362324714663,0.9772968292236328,False,controller,,,,,,False,,,,,,37.0,138.0,0.7720000147819519,0.7730000019073486,92373.0,71.02600121498108
cora,8,8,attention,0.1,0.7,0.01,0.07472538697719575,0.9764651656150818,False,controller,,,,,,False,,,,,,25.0,126.0,0.8100000023841858,0.8109999895095825,92373.0,46.87092924118042
cora,9,8,attention,0.1,0.7,0.01,0.21421835947036752,0.9765833616256714,False,controller,,,,,,False,,,,,,75.0,176.0,0.8119999766349792,0.8180000185966492,92373.0,53.51008677482605
cora,0,8,attention,0.1,0.9,0.01,0.04764901554584501,0.9811373949050903,False,controller,,,,,,False,,,,,,55.0,156.0,0.8140000104904175,0.8180000185966492,92373.0,33.100109577178955
cora,1,8,attention,0.1,0.9,0.01,0.13158162236213677,0.9678671956062317,False,controller,,,,,,False,,,,,,179.0,200.0,0.7860000133514404,0.796999990940094,92373.0,52.466131925582886
cora,2,8,attention,0.1,0.9,0.01,0.042044727683067315,0.9814949035644531,False,controller,,,,,,False,,,,,,47.0,148.0,0.8140000104904175,0.8209999799728394,92373.0,39.86460781097412
cora,3,8,attention,0.1,0.9,0.01,0.09964855635166167,0.9707707166671753,False,controller,,,,,,False,,,,,,133.0,200.0,0.7979999780654907,0.8029999732971191,92373.0,63.9240357875824
cora,4,8,attention,0.1,0.9,0.01,0.02152734184265136,0.9816305041313171,False,controller,,,,,,False,,,,,,23.0,124.0,0.8180000185966492,0.8130000233650208,92373.0,55.002578020095825
cora,5,8,attention,0.1,0.9,0.01,0.039399575710296626,0.9767969250679016,False,controller,,,,,,False,,,,,,46.0,147.0,0.8040000200271606,0.8149999976158142,92373.0,54.22578692436218
cora,6,8,attention,0.1,0.9,0.01,0.01929350352287292,0.987235426902771,False,controller,,,,,,False,,,,,,20.0,121.0,0.7940000295639038,0.8209999799728394,92373.0,50.63375997543335
cora,7,8,attention,0.1,0.9,0.01,0.03566765975952148,0.9776014089584351,False,controller,,,,,,False,,,,,,41.0,142.0,0.7699999809265137,0.7829999923706055,92373.0,75.395090341568
cora,8,8,attention,0.1,0.9,0.01,0.022739516854286185,0.976715624332428,False,controller,,,,,,False,,,,,,25.0,126.0,0.8100000023841858,0.8109999895095825,92373.0,68.15147042274475
cora,9,8,attention,0.1,0.9,0.01,0.0344762772321701,0.9788742065429688,False,controller,,,,,,False,,,,,,39.0,140.0,0.8080000281333923,0.8339999914169312,92373.0,64.64834594726562
cora,0,8,attention,0.1,0.5,0.05,0.8989192605018614,0.974497377872467,False,controller,,,,,,False,,,,,,36.0,137.0,0.8119999766349792,0.8140000104904175,92373.0,29.35560369491577
cora,1,8,attention,0.1,0.5,0.05,2.363451510667799,0.7393995523452759,False,controller,,,,,,False,,,,,,111.0,200.0,0.7860000133514404,0.7919999957084656,92373.0,52.150404930114746
cora,2,8,attention,0.1,0.5,0.05,1.1636995881795886,0.9684942364692688,False,controller,,,,,,False,,,,,,47.0,148.0,0.8140000104904175,0.8199999928474426,92373.0,38.77310872077942
cora,3,8,attention,0.1,0.5,0.05,2.5000371187925343,0.6305017471313477,False,controller,,,,,,False,,,,,,130.0,200.0,0.7940000295639038,0.800000011920929,92373.0,63.27607321739197
cora,4,8,attention,0.1,0.5,0.05,1.8460537910461423,0.8707365393638611,False,controller,,,,,,False,,,,,,80.0,181.0,0.8199999928474426,0.8119999766349792,92373.0,79.60609412193298
cora,5,8,attention,0.1,0.5,0.05,0.5374086976051332,0.9807634353637695,False,controller,,,,,,False,,,,,,21.0,122.0,0.8019999861717224,0.8169999718666077,92373.0,38.46538543701172
cora,6,8,attention,0.1,0.5,0.05,0.49181246161460873,0.9867907762527466,False,controller,,,,,,False,,,,,,19.0,120.0,0.7919999957084656,0.8199999928474426,92373.0,48.94926881790161
cora,7,8,attention,0.1,0.5,0.05,0.9895551681518555,0.9672663807868958,False,controller,,,,,,False,,,,,,40.0,141.0,0.7739999890327454,0.7789999842643738,92373.0,72.48802518844604
cora,8,8,attention,0.1,0.5,0.05,0.6090616166591645,0.9748020172119141,False,controller,,,,,,False,,,,,,24.0,125.0,0.8100000023841858,0.8109999895095825,92373.0,65.22949051856995
cora,9,8,attention,0.1,0.5,0.05,1.0389946550130844,0.9685185551643372,False,controller,,,,,,False,,,,,,42.0,143.0,0.8119999766349792,0.8289999961853027,92373.0,65.9746630191803
cora,0,8,attention,0.1,0.9,0.05,0.2327269971370696,0.9793299436569214,False,controller,,,,,,False,,,,,,54.0,155.0,0.8119999766349792,0.8180000185966492,92373.0,54.08598208427429
cora,1,8,attention,0.1,0.9,0.05,0.560382782220841,0.9287595152854919,False,controller,,,,,,False,,,,,,180.0,200.0,0.7860000133514404,0.8050000071525574,92373.0,84.31030106544495
cora,2,8,attention,0.1,0.9,0.05,0.21352485537528978,0.9800482988357544,False,controller,,,,,,False,,,,,,48.0,149.0,0.8159999847412109,0.8230000138282776,92373.0,74.14389085769653
cora,3,8,attention,0.1,0.9,0.05,0.4669219577312466,0.9473088979721069,False,controller,,,,,,False,,,,,,137.0,200.0,0.7960000038146973,0.800000011920929,92373.0,74.05884408950806
cora,4,8,attention,0.1,0.9,0.05,0.10753552734851834,0.9812900424003601,False,controller,,,,,,False,,,,,,23.0,124.0,0.8180000185966492,0.8119999766349792,92373.0,44.428611278533936
cora,5,8,attention,0.1,0.9,0.05,0.1960886126756667,0.9755029678344727,False,controller,,,,,,False,,,,,,46.0,147.0,0.8040000200271606,0.8149999976158142,92373.0,59.54857063293457
cora,6,8,attention,0.1,0.9,0.05,0.09642190814018248,0.9870787858963013,False,controller,,,,,,False,,,,,,20.0,121.0,0.7940000295639038,0.8209999799728394,92373.0,69.45021295547485
cora,7,8,attention,0.1,0.9,0.05,0.16229535579681392,0.9768794178962708,False,controller,,,,,,False,,,,,,37.0,138.0,0.7739999890327454,0.7710000276565552,92373.0,52.664135456085205
cora,8,8,attention,0.1,0.9,0.05,0.11356289267539978,0.9762641787528992,False,controller,,,,,,False,,,,,,25.0,126.0,0.8100000023841858,0.8109999895095825,92373.0,44.67155051231384
cora,9,8,attention,0.1,0.9,0.05,0.1757752674818039,0.9776787161827087,False,controller,,,,,,False,,,,,,40.0,141.0,0.8100000023841858,0.828000009059906,92373.0,38.249683141708374
cora,0,8,attention,0.1,0.5,0.2,3.0,0.9409290552139282,False,controller,,,,,,False,,,,,,34.0,135.0,0.8140000104904175,0.8059999942779541,92373.0,48.41881489753723
cora,1,8,attention,0.1,0.5,0.2,3.0,0.537227988243103,False,controller,,,,,,False,,,,,,120.0,200.0,0.7940000295639038,0.7960000038146973,92373.0,79.86539721488953
cora,2,8,attention,0.1,0.5,0.2,3.0,0.9036461710929871,False,controller,,,,,,False,,,,,,46.0,147.0,0.8059999942779541,0.8169999718666077,92373.0,78.11293387413025
cora,3,8,attention,0.1,0.5,0.2,3.0,0.6224387288093567,False,controller,,,,,,False,,,,,,88.0,189.0,0.7900000214576721,0.7940000295639038,92373.0,72.53439974784851
cora,4,8,attention,0.1,0.5,0.2,2.340690660476685,0.972181499004364,False,controller,,,,,,False,,,,,,23.0,124.0,0.8180000185966492,0.8119999766349792,92373.0,43.3784863948822
cora,5,8,attention,0.1,0.5,0.2,3.0,0.9096686244010925,False,controller,,,,,,False,,,,,,43.0,144.0,0.8040000200271606,0.8109999895095825,92373.0,57.658958435058594
cora,6,8,attention,0.1,0.5,0.2,2.5398397922515867,0.974176824092865,False,controller,,,,,,False,,,,,,25.0,126.0,0.7940000295639038,0.8209999799728394,92373.0,69.42142391204834
cora,7,8,attention,0.1,0.5,0.2,3.0,0.9333666563034058,False,controller,,,,,,False,,,,,,35.0,136.0,0.7739999890327454,0.7739999890327454,92373.0,56.465510845184326
cora,8,8,attention,0.1,0.5,0.2,1.9536335825920106,0.9763054847717285,False,controller,,,,,,False,,,,,,19.0,120.0,0.8080000281333923,0.8019999861717224,92373.0,41.33395338058472
cora,9,8,attention,0.1,0.5,0.2,3.0,0.7589014172554016,False,controller,,,,,,False,,,,,,68.0,169.0,0.8159999847412109,0.8199999928474426,92373.0,49.30616903305054
cora,0,8,attention,0.1,0.7,0.2,1.8271893095970158,0.96909099817276,False,controller,,,,,,False,,,,,,31.0,132.0,0.8119999766349792,0.8069999814033508,92373.0,29.240830659866333
cora,1,8,attention,0.1,0.7,0.2,2.470603847503661,0.5658468008041382,False,controller,,,,,,False,,,,,,121.0,200.0,0.7900000214576721,0.7910000085830688,92373.0,52.06868577003479
cora,2,8,attention,0.1,0.7,0.2,2.6246412229537968,0.9369708895683289,False,controller,,,,,,False,,,,,,46.0,147.0,0.8080000281333923,0.8199999928474426,92373.0,38.113964796066284
cora,3,8,attention,0.1,0.7,0.2,3.0,0.7767334580421448,False,controller,,,,,,False,,,,,,70.0,171.0,0.7919999957084656,0.8059999942779541,92373.0,53.373093605041504
cora,4,8,attention,0.1,0.7,0.2,1.3851351523399356,0.9765408635139465,False,controller,,,,,,False,,,,,,23.0,124.0,0.8180000185966492,0.8119999766349792,92373.0,54.33632683753967
cora,5,8,attention,0.1,0.7,0.2,2.8894396567344667,0.9060640931129456,False,controller,,,,,,False,,,,,,53.0,154.0,0.8040000200271606,0.8140000104904175,92373.0,58.68992877006531
cora,6,8,attention,0.1,0.7,0.2,1.1657212257385257,0.9852954745292664,False,controller,,,,,,False,,,,,,19.0,120.0,0.7940000295639038,0.8220000267028809,92373.0,46.964523792266846
cora,7,8,attention,0.1,0.7,0.2,2.0784132432937623,0.954210638999939,False,controller,,,,,,False,,,,,,36.0,137.0,0.7739999890327454,0.7720000147819519,92373.0,66.896324634552
cora,8,8,attention,0.1,0.7,0.2,1.4316233515739445,0.9706693291664124,False,controller,,,,,,False,,,,,,24.0,125.0,0.8100000023841858,0.8080000281333923,92373.0,65.7133686542511
cora,9,8,attention,0.1,0.7,0.2,3.0,0.8004044890403748,False,controller,,,,,,False,,,,,,70.0,171.0,0.8159999847412109,0.8199999928474426,92373.0,83.80310368537903
cora,0,8,attention,0.1,0.9,0.2,0.6392061257362365,0.9766873121261597,False,controller,,,,,,False,,,,,,36.0,137.0,0.8119999766349792,0.8149999976158142,92373.0,49.540985345840454
cora,1,8,attention,0.1,0.9,0.2,0.0,0.8444085121154785,False,controller,,,,,,False,,,,,,197.0,200.0,0.7879999876022339,0.8059999942779541,92373.0,78.20891809463501
cora,2,8,attention,0.1,0.9,0.2,0.8230091071128844,0.9732646942138672,False,controller,,,,,,False,,,,,,47.0,148.0,0.8140000104904175,0.8209999799728394,92373.0,76.26691460609436
cora,3,8,attention,0.1,0.9,0.2,0.8242410326004025,0.8278566002845764,False,controller,,,,,,False,,,,,,131.0,200.0,0.8059999942779541,0.8009999990463257,92373.0,77.68117690086365
cora,4,8,attention,0.1,0.9,0.2,0.4288987684249877,0.9801761507987976,False,controller,,,,,,False,,,,,,23.0,124.0,0.8180000185966492,0.8119999766349792,92373.0,45.087106704711914
cora,5,8,attention,0.1,0.9,0.2,0.3900944852828978,0.9811581373214722,False,controller,,,,,,False,,,,,,21.0,122.0,0.8019999861717224,0.8169999718666077,92373.0,48.905232191085815
cora,6,8,attention,0.1,0.9,0.2,0.3675233244895934,0.9870420098304749,False,controller,,,,,,False,,,,,,19.0,120.0,0.7919999957084656,0.8199999928474426,92373.0,66.42226195335388
cora,7,8,attention,0.1,0.9,0.2,0.6559039759635923,0.9721306562423706,False,controller,,,,,,False,,,,,,38.0,139.0,0.7739999890327454,0.7749999761581421,92373.0,64.16280841827393
cora,8,8,attention,0.1,0.9,0.2,0.4522386741638182,0.9745468497276306,False,controller,,,,,,False,,,,,,25.0,126.0,0.8100000023841858,0.8109999895095825,92373.0,44.85835576057434
cora,9,8,attention,0.1,0.9,0.2,0.7366128253936765,0.9715834259986877,False,controller,,,,,,False,,,,,,43.0,144.0,0.8119999766349792,0.828000009059906,92373.0,43.25690317153931
pubmed,0,8,attention,0.1,0.7,0.2,3.0,0.9845982789993286,False,controller,,,,,,False,,,,,,156.0,200.0,0.7979999780654907,0.7710000276565552,32393.0,259.3145833015442
pubmed,1,8,attention,0.1,0.7,0.2,3.0,0.9987879991531372,False,controller,,,,,,False,,,,,,63.0,164.0,0.7940000295639038,0.7689999938011169,32393.0,212.14659762382507
pubmed,2,8,attention,0.1,0.7,0.2,3.0,0.9888272881507874,False,controller,,,,,,False,,,,,,148.0,200.0,0.7919999957084656,0.7710000276565552,32393.0,254.48720383644104
pubmed,3,8,attention,0.1,0.7,0.2,3.0,0.984675407409668,False,controller,,,,,,False,,,,,,180.0,200.0,0.800000011920929,0.7749999761581421,32393.0,250.60795640945435
pubmed,4,8,attention,0.1,0.7,0.2,3.0,0.9888759255409241,False,controller,,,,,,False,,,,,,146.0,200.0,0.7919999957084656,0.7739999890327454,32393.0,157.30238723754883
pubmed,5,8,attention,0.1,0.7,0.2,3.0,0.9952226281166077,False,controller,,,,,,False,,,,,,134.0,200.0,0.7979999780654907,0.7730000019073486,32393.0,151.6013708114624
pubmed,6,8,attention,0.1,0.7,0.2,3.0,0.9984736442565918,False,controller,,,,,,False,,,,,,85.0,186.0,0.7900000214576721,0.7699999809265137,32393.0,143.49278903007507
pubmed,7,8,attention,0.1,0.7,0.2,3.0,0.9979618787765503,False,controller,,,,,,False,,,,,,107.0,200.0,0.7960000038146973,0.7879999876022339,32393.0,147.98767256736755
pubmed,8,8,attention,0.1,0.7,0.2,3.0,0.9956861734390259,False,controller,,,,,,False,,,,,,125.0,200.0,0.7879999876022339,0.7580000162124634,32393.0,137.10564851760864
cora,0,8,attention,5.0,0.7,0.05,5.0,0.9338377714157104,False,fixed,,,,,,False,,,,,,18.0,119.0,0.8019999861717224,0.8069999814033508,92373.0,49.485021114349365
cora,0,8,attention,0.01,0.7,0.05,0.01,0.9815873503684998,False,fixed,,,,,,False,,,,,,55.0,156.0,0.8140000104904175,0.8190000057220459,92373.0,64.37228155136108
cora,1,8,attention,5.0,0.7,0.05,5.0,0.3545484244823456,False,fixed,,,,,,False,,,,,,174.0,200.0,0.7960000038146973,0.7879999876022339,92373.0,77.31597566604614
cora,1,8,attention,0.01,0.7,0.05,0.01,0.9738062024116516,False,fixed,,,,,,False,,,,,,198.0,200.0,0.7919999957084656,0.7950000166893005,92373.0,73.13559865951538
cora,2,8,attention,5.0,0.7,0.05,5.0,0.7397798895835876,False,fixed,,,,,,False,,,,,,44.0,145.0,0.7960000038146973,0.8040000200271606,92373.0,56.45244479179382
cora,2,8,attention,0.01,0.7,0.05,0.01,0.9816338419914246,False,fixed,,,,,,False,,,,,,48.0,149.0,0.8159999847412109,0.824999988079071,92373.0,66.01379466056824
cora,3,8,attention,5.0,0.7,0.05,5.0,0.33769336342811584,False,fixed,,,,,,False,,,,,,198.0,200.0,0.7940000295639038,0.8029999732971191,92373.0,103.82339477539062
cora,3,8,attention,0.01,0.7,0.05,0.01,0.9710732698440552,False,fixed,,,,,,False,,,,,,93.0,194.0,0.7960000038146973,0.8100000023841858,92373.0,97.83457565307617
cora,4,8,attention,5.0,0.7,0.05,5.0,0.9561137557029724,False,fixed,,,,,,False,,,,,,14.0,115.0,0.8199999928474426,0.8029999732971191,92373.0,57.292109966278076
cora,4,8,attention,0.01,0.7,0.05,0.01,0.981714129447937,False,fixed,,,,,,False,,,,,,23.0,124.0,0.8180000185966492,0.8130000233650208,92373.0,60.44713759422302
cora,5,8,attention,0.01,0.7,0.05,0.01,0.9823318719863892,False,fixed,,,,,,False,,,,,,21.0,122.0,0.8019999861717224,0.8180000185966492,92373.0,51.060635805130005
cora,5,8,attention,5.0,0.7,0.05,5.0,0.6855234503746033,False,fixed,,,,,,False,,,,,,44.0,145.0,0.8019999861717224,0.8040000200271606,92373.0,65.94351506233215
cora,6,8,attention,0.01,0.7,0.05,0.01,0.9872568249702454,False,fixed,,,,,,False,,,,,,20.0,121.0,0.7940000295639038,0.8209999799728394,92373.0,43.28752660751343
cora,6,8,attention,5.0,0.7,0.05,5.0,0.8986096382141113,False,fixed,,,,,,False,,,,,,23.0,124.0,0.7900000214576721,0.8309999704360962,92373.0,44.06379723548889
cora,7,8,attention,0.01,0.7,0.05,0.01,0.9779099225997925,False,fixed,,,,,,False,,,,,,37.0,138.0,0.7739999890327454,0.7739999890327454,92373.0,51.93122100830078
cora,7,8,attention,5.0,0.7,0.05,5.0,0.4137941002845764,False,fixed,,,,,,False,,,,,,114.0,200.0,0.7739999890327454,0.7850000262260437,92373.0,81.55420517921448
cora,8,8,attention,0.01,0.7,0.05,0.01,0.9767295122146606,False,fixed,,,,,,False,,,,,,25.0,126.0,0.8100000023841858,0.8109999895095825,92373.0,64.9710476398468
cora,8,8,attention,5.0,0.7,0.05,5.0,0.9250892996788025,False,fixed,,,,,,False,,,,,,19.0,120.0,0.8100000023841858,0.7990000247955322,92373.0,62.94110679626465
cora,9,8,attention,0.01,0.7,0.05,0.01,0.9787381887435913,False,fixed,,,,,,False,,,,,,42.0,143.0,0.8100000023841858,0.8299999833106995,92373.0,61.67845916748047
cora,9,8,attention,5.0,0.7,0.05,5.0,0.49983277916908264,False,fixed,,,,,,False,,,,,,75.0,176.0,0.8199999928474426,0.8259999752044678,92373.0,70.10660457611084
cora,0,8,attention,20.0,0.7,0.05,20.0,0.8027245402336121,False,fixed,,,,,,False,,,,,,17.0,118.0,0.7940000295639038,0.8080000281333923,92373.0,42.79591464996338
cora,0,8,attention,0.1,0.7,0.05,0.1,0.9798126816749573,False,fixed,,,,,,False,,,,,,54.0,155.0,0.8119999766349792,0.8169999718666077,92373.0,55.20804786682129
cora,1,8,attention,20.0,0.7,0.05,20.0,0.26841050386428833,False,fixed,,,,,,False,,,,,,177.0,200.0,0.7940000295639038,0.7919999957084656,92373.0,95.01811146736145
cora,1,8,attention,0.1,0.7,0.05,0.1,0.9673649072647095,False,fixed,,,,,,False,,,,,,199.0,200.0,0.7919999957084656,0.7979999780654907,92373.0,98.10043430328369
cora,2,8,attention,20.0,0.7,0.05,20.0,0.826420247554779,False,fixed,,,,,,False,,,,,,17.0,118.0,0.7919999957084656,0.8130000233650208,92373.0,55.611567974090576
cora,2,8,attention,0.1,0.7,0.05,0.1,0.9804785847663879,False,fixed,,,,,,False,,,,,,47.0,148.0,0.8159999847412109,0.8230000138282776,92373.0,62.27999258041382
cora,3,8,attention,20.0,0.7,0.05,20.0,0.8257279992103577,False,fixed,,,,,,False,,,,,,15.0,116.0,0.777999997138977,0.7850000262260437,92373.0,41.0381121635437
cora,4,8,attention,20.0,0.7,0.05,20.0,0.7361159324645996,False,fixed,,,,,,False,,,,,,19.0,120.0,0.8100000023841858,0.8009999990463257,92373.0,37.76963186264038
cora,3,8,attention,0.1,0.7,0.05,0.1,0.9683613777160645,False,fixed,,,,,,False,,,,,,113.0,200.0,0.7940000295639038,0.8100000023841858,92373.0,63.48689270019531
cora,4,8,attention,0.1,0.7,0.05,0.1,0.9824743270874023,False,fixed,,,,,,False,,,,,,21.0,122.0,0.8180000185966492,0.8140000104904175,92373.0,28.499611139297485
cora,5,8,attention,20.0,0.7,0.05,20.0,0.3256225287914276,False,fixed,,,,,,False,,,,,,89.0,190.0,0.7760000228881836,0.7829999923706055,92373.0,42.1319215297699
cora,5,8,attention,0.1,0.7,0.05,0.1,0.9816626310348511,False,fixed,,,,,,False,,,,,,21.0,122.0,0.8019999861717224,0.8169999718666077,92373.0,22.349687576293945
cora,6,8,attention,20.0,0.7,0.05,20.0,0.33037349581718445,False,fixed,,,,,,False,,,,,,78.0,179.0,0.7900000214576721,0.7910000085830688,92373.0,33.85783886909485
cora,6,8,attention,0.1,0.7,0.05,0.1,0.9869564175605774,False,fixed,,,,,,False,,,,,,20.0,121.0,0.7940000295639038,0.8230000138282776,92373.0,22.674686431884766
cora,7,8,attention,20.0,0.7,0.05,20.0,0.8474631309509277,False,fixed,,,,,,False,,,,,,13.0,114.0,0.7879999876022339,0.7950000166893005,92373.0,21.662848711013794
cora,7,8,attention,0.1,0.7,0.05,0.1,0.9766875505447388,False,fixed,,,,,,False,,,,,,37.0,138.0,0.7739999890327454,0.7730000019073486,92373.0,26.05114436149597
cora,8,8,attention,20.0,0.7,0.05,20.0,0.7032490372657776,False,fixed,,,,,,False,,,,,,21.0,122.0,0.7900000214576721,0.7850000262260437,92373.0,23.33229684829712
cora,8,8,attention,0.1,0.7,0.05,0.1,0.9757658839225769,False,fixed,,,,,,False,,,,,,25.0,126.0,0.8100000023841858,0.8100000023841858,92373.0,23.442230701446533
cora,9,8,attention,20.0,0.7,0.05,20.0,0.3066961467266083,False,fixed,,,,,,False,,,,,,99.0,200.0,0.8199999928474426,0.8180000185966492,92373.0,36.179837226867676
cora,9,8,attention,0.1,0.7,0.05,0.1,0.976963460445404,False,fixed,,,,,,False,,,,,,75.0,176.0,0.8100000023841858,0.8180000185966492,92373.0,32.330472230911255
cora,0,8,attention,50.0,0.7,0.05,50.0,0.7292562127113342,False,fixed,,,,,,False,,,,,,16.0,117.0,0.7839999794960022,0.7950000166893005,92373.0,22.01654601097107
cora,0,8,attention,0.5,0.7,0.05,0.5,0.9682577848434448,False,fixed,,,,,,False,,,,,,54.0,155.0,0.8119999766349792,0.8159999847412109,92373.0,29.36591100692749
cora,1,8,attention,50.0,0.7,0.05,50.0,0.2622334063053131,False,fixed,,,,,,False,,,,,,127.0,200.0,0.7799999713897705,0.7639999985694885,92373.0,37.4403350353241
cora,1,8,attention,0.5,0.7,0.05,0.5,0.8927376866340637,False,fixed,,,,,,False,,,,,,180.0,200.0,0.7879999876022339,0.8009999990463257,92373.0,37.606078147888184
cora,2,8,attention,50.0,0.7,0.05,50.0,0.2773050367832184,False,fixed,,,,,,False,,,,,,97.0,198.0,0.7860000133514404,0.8059999942779541,92373.0,36.23911714553833
cora,2,8,attention,0.5,0.7,0.05,0.5,0.9719001054763794,False,fixed,,,,,,False,,,,,,47.0,148.0,0.8159999847412109,0.8230000138282776,92373.0,27.734389543533325
cora,3,8,attention,50.0,0.7,0.05,50.0,0.7950051426887512,False,fixed,,,,,,False,,,,,,12.0,113.0,0.7620000243186951,0.7490000128746033,92373.0,20.31481146812439
cora,3,8,attention,0.5,0.7,0.05,0.5,0.9151998162269592,False,fixed,,,,,,False,,,,,,131.0,200.0,0.7979999780654907,0.800000011920929,92373.0,36.318761587142944
cora,4,8,attention,50.0,0.7,0.05,50.0,0.27269840240478516,False,fixed,,,,,,False,,,,,,108.0,200.0,0.8019999861717224,0.7879999876022339,92373.0,36.50994086265564
cora,4,8,attention,0.5,0.7,0.05,0.5,0.9316068291664124,False,fixed,,,,,,False,,,,,,81.0,182.0,0.8199999928474426,0.8149999976158142,92373.0,33.014055252075195
cora,5,8,attention,50.0,0.7,0.05,50.0,0.2637087404727936,False,fixed,,,,,,False,,,,,,122.0,200.0,0.7559999823570251,0.7680000066757202,92373.0,37.94278287887573
cora,5,8,attention,0.5,0.7,0.05,0.5,0.9670011401176453,False,fixed,,,,,,False,,,,,,46.0,147.0,0.8019999861717224,0.8159999847412109,92373.0,27.335264205932617
cora,6,8,attention,0.5,0.7,0.05,0.5,0.9852375388145447,False,fixed,,,,,,False,,,,,,19.0,120.0,0.7919999957084656,0.8209999799728394,92373.0,22.56535768508911
cora,6,8,attention,50.0,0.7,0.05,50.0,0.26312461495399475,False,fixed,,,,,,False,,,,,,119.0,200.0,0.777999997138977,0.7860000133514404,92373.0,37.13333225250244
cora,7,8,attention,0.5,0.7,0.05,0.5,0.9674294590950012,False,fixed,,,,,,False,,,,,,41.0,142.0,0.7739999890327454,0.7829999923706055,92373.0,27.105456829071045
cora,7,8,attention,50.0,0.7,0.05,50.0,0.2501175105571747,False,fixed,,,,,,False,,,,,,161.0,200.0,0.7820000052452087,0.7879999876022339,92373.0,36.22895288467407
cora,8,8,attention,0.5,0.7,0.05,0.5,0.9738568067550659,False,fixed,,,,,,False,,,,,,23.0,124.0,0.8080000281333923,0.8080000281333923,92373.0,22.605340719223022
cora,9,8,attention,0.5,0.7,0.05,0.5,0.9695943593978882,False,fixed,,,,,,False,,,,,,41.0,142.0,0.8080000281333923,0.8299999833106995,92373.0,26.67998194694519
cora,8,8,attention,50.0,0.7,0.05,50.0,0.3004015386104584,False,fixed,,,,,,False,,,,,,79.0,180.0,0.7680000066757202,0.7710000276565552,92373.0,33.409825801849365
cora,0,8,attention,1.0,0.7,0.05,1.0,0.9697275757789612,False,fixed,,,,,,False,,,,,,29.0,130.0,0.8100000023841858,0.8100000023841858,92373.0,25.527609825134277
cora,9,8,attention,50.0,0.7,0.05,50.0,0.2457394152879715,False,fixed,,,,,,False,,,,,,172.0,200.0,0.8100000023841858,0.8069999814033508,92373.0,37.76969766616821
cora,1,8,attention,1.0,0.7,0.05,1.0,0.6904067993164062,False,fixed,,,,,,False,,,,,,191.0,200.0,0.7940000295639038,0.8029999732971191,92373.0,34.92741656303406
cora,2,8,attention,1.0,0.7,0.05,1.0,0.9523126482963562,False,fixed,,,,,,False,,,,,,48.0,149.0,0.8140000104904175,0.8230000138282776,92373.0,25.64738154411316
cora,3,8,attention,1.0,0.7,0.05,1.0,0.7892395257949829,False,fixed,,,,,,False,,,,,,132.0,200.0,0.8080000281333923,0.8009999990463257,92373.0,34.74051356315613
cora,4,8,attention,1.0,0.7,0.05,1.0,0.8614131808280945,False,fixed,,,,,,False,,,,,,90.0,191.0,0.8220000267028809,0.8159999847412109,92373.0,32.45740842819214
cora,5,8,attention,1.0,0.7,0.05,1.0,0.9383670687675476,False,fixed,,,,,,False,,,,,,54.0,155.0,0.8019999861717224,0.8180000185966492,92373.0,26.359405279159546
cora,6,8,attention,1.0,0.7,0.05,1.0,0.9825125336647034,False,fixed,,,,,,False,,,,,,18.0,119.0,0.7919999957084656,0.8259999752044678,92373.0,19.753154516220093
cora,7,8,attention,1.0,0.7,0.05,1.0,0.9551556706428528,False,fixed,,,,,,False,,,,,,37.0,138.0,0.7739999890327454,0.7720000147819519,92373.0,23.336096048355103
cora,8,8,attention,1.0,0.7,0.05,1.0,0.9701777100563049,False,fixed,,,,,,False,,,,,,22.0,123.0,0.8100000023841858,0.8080000281333923,92373.0,19.84036636352539
cora,9,8,attention,1.0,0.7,0.05,1.0,0.953432023525238,False,fixed,,,,,,False,,,,,,40.0,141.0,0.8080000281333923,0.8309999704360962,92373.0,20.203774452209473
citeseer,0,8,attention,5.0,0.7,0.05,5.0,0.9280420541763306,False,fixed,,,,,,False,,,,,,17.0,118.0,0.6880000233650208,0.6679999828338623,237586.0,49.850969076156616
citeseer,1,8,attention,5.0,0.7,0.05,5.0,0.973027229309082,False,fixed,,,,,,False,,,,,,12.0,113.0,0.6859999895095825,0.6840000152587891,237586.0,61.16642618179321
citeseer,2,8,attention,5.0,0.7,0.05,5.0,0.9455181956291199,False,fixed,,,,,,False,,,,,,13.0,114.0,0.6840000152587891,0.6639999747276306,237586.0,61.86002588272095
citeseer,3,8,attention,5.0,0.7,0.05,5.0,0.9479714632034302,False,fixed,,,,,,False,,,,,,13.0,114.0,0.7080000042915344,0.6909999847412109,237586.0,82.67495107650757
citeseer,4,8,attention,5.0,0.7,0.05,5.0,0.9712986946105957,False,fixed,,,,,,False,,,,,,12.0,113.0,0.7080000042915344,0.6930000185966492,237586.0,70.85067629814148
citeseer,5,8,attention,5.0,0.7,0.05,5.0,0.9206763505935669,False,fixed,,,,,,False,,,,,,17.0,118.0,0.6859999895095825,0.6710000038146973,237586.0,91.69340348243713
citeseer,6,8,attention,5.0,0.7,0.05,5.0,0.9617071747779846,False,fixed,,,,,,False,,,,,,12.0,113.0,0.6800000071525574,0.671999990940094,237586.0,101.88471627235413
citeseer,7,8,attention,5.0,0.7,0.05,5.0,0.939437985420227,False,fixed,,,,,,False,,,,,,12.0,113.0,0.7059999704360962,0.6949999928474426,237586.0,79.78385424613953
citeseer,8,8,attention,5.0,0.7,0.05,5.0,0.9361906051635742,False,fixed,,,,,,False,,,,,,15.0,116.0,0.6660000085830688,0.6769999861717224,237586.0,73.52306604385376
citeseer,9,8,attention,5.0,0.7,0.05,5.0,0.9178940653800964,False,fixed,,,,,,False,,,,,,17.0,118.0,0.6980000138282776,0.6909999847412109,237586.0,93.22172546386719
pubmed,0,8,attention,5.0,0.7,0.05,5.0,0.9872586131095886,False,fixed,,,,,,False,,,,,,121.0,200.0,0.7940000295639038,0.7699999809265137,32393.0,195.18541812896729
pubmed,1,8,attention,5.0,0.7,0.05,5.0,0.9890307784080505,False,fixed,,,,,,False,,,,,,116.0,200.0,0.7979999780654907,0.7699999809265137,32393.0,260.18891406059265
pubmed,2,8,attention,5.0,0.7,0.05,5.0,0.9719343185424805,False,fixed,,,,,,False,,,,,,148.0,200.0,0.7919999957084656,0.7680000066757202,32393.0,254.01086807250977
pubmed,3,8,attention,5.0,0.7,0.05,5.0,0.9860716462135315,False,fixed,,,,,,False,,,,,,144.0,200.0,0.7979999780654907,0.7710000276565552,32393.0,246.96479654312134
pubmed,4,8,attention,5.0,0.7,0.05,5.0,0.9321936368942261,False,fixed,,,,,,False,,,,,,183.0,200.0,0.7919999957084656,0.7699999809265137,32393.0,233.66353392601013
pubmed,5,8,attention,5.0,0.7,0.05,5.0,0.989482581615448,False,fixed,,,,,,False,,,,,,136.0,200.0,0.7960000038146973,0.7710000276565552,32393.0,153.73419451713562
pubmed,6,8,attention,5.0,0.7,0.05,5.0,0.99755859375,False,fixed,,,,,,False,,,,,,85.0,186.0,0.7900000214576721,0.7689999938011169,32393.0,142.46150970458984
pubmed,7,8,attention,5.0,0.7,0.05,5.0,0.9965501427650452,False,fixed,,,,,,False,,,,,,106.0,200.0,0.7960000038146973,0.7850000262260437,32393.0,154.47823071479797
pubmed,8,8,attention,5.0,0.7,0.05,5.0,0.9913460612297058,False,fixed,,,,,,False,,,,,,126.0,200.0,0.7879999876022339,0.7549999952316284,32393.0,144.34742951393127
pubmed,9,8,attention,5.0,0.7,0.05,5.0,0.9486679434776306,False,fixed,,,,,,False,,,,,,179.0,200.0,0.7919999957084656,0.7609999775886536,32393.0,132.385844707489
cora,0,8,none,0.1,0.7,0.05,0.1,nan,False,fixed,,,,,,False,,,,,,4.0,5.0,0.7200000286102295,0.7290000319480896,92373.0,1.0557341575622559
cora,1,8,none,0.1,0.7,0.05,0.1,nan,False,fixed,,,,,,False,,,,,,4.0,5.0,0.6320000290870667,0.6240000128746033,92373.0,0.053304433822631836
citeseer,0,8,attention,0.1,0.7,0.05,0.23223119914531712,0.9827932119369507,False,controller,,0.5,,,,True,0.5,2.0,0.7070000171661377,,,15.0,100.0,0.7100000381469727,0.706000030040741,118802.0,2.106760263442993
citeseer,1,8,attention,0.1,0.7,0.05,0.10264691889286043,0.989062488079071,False,controller,,0.5,,,,True,0.5,2.0,0.6770000457763672,,,6.0,100.0,0.7040000557899475,0.690000057220459,118802.0,1.8665070533752441
citeseer,2,8,attention,0.1,0.7,0.05,0.2614785653352738,0.9855110049247742,False,controller,,0.5,,,,True,0.5,2.0,0.690000057220459,,,17.0,100.0,0.706000030040741,0.7050000429153442,118802.0,2.1081745624542236
citeseer,3,8,attention,0.1,0.7,0.05,0.08885217249393465,0.9954380989074707,False,controller,,0.5,,,,True,0.5,2.0,0.6890000104904175,,,5.0,100.0,0.7020000219345093,0.6680000424385071,118802.0,1.8997931480407715
citeseer,4,8,attention,0.1,0.7,0.05,0.16225596606731418,0.9917671084403992,False,controller,,0.5,,,,True,0.5,2.0,0.6880000233650208,,,10.0,100.0,0.7020000219345093,0.6860000491142273,118802.0,1.8004703521728516
citeseer,5,8,attention,0.1,0.7,0.05,0.13244001626968388,0.9907394647598267,False,controller,,0.5,,,,True,0.5,2.0,0.6720000505447388,,,8.0,100.0,0.7040000557899475,0.6970000267028809,118802.0,1.6002888679504395
citeseer,6,8,attention,0.1,0.7,0.05,0.05879010319709779,0.992163896560669,False,controller,,0.5,,,,True,0.5,2.0,0.6960000395774841,,,3.0,100.0,0.706000030040741,0.6830000281333923,118802.0,1.7057538032531738
citeseer,7,8,attention,0.1,0.7,0.05,0.2168262541294098,0.9828863143920898,False,controller,,0.5,,,,True,0.5,2.0,0.6810000538825989,,,14.0,100.0,0.7040000557899475,0.6960000395774841,118802.0,1.6033015251159668
citeseer,8,8,attention,0.1,0.7,0.05,0.10264596521854402,0.9910456538200378,False,controller,,0.5,,,,True,0.5,2.0,0.7020000219345093,,,6.0,100.0,0.6920000314712524,0.6990000605583191,118802.0,1.5848546028137207
citeseer,9,8,attention,0.1,0.7,0.05,0.216595220565796,0.9827508926391602,False,controller,,0.5,,,,True,0.5,2.0,0.6820000410079956,,,14.0,100.0,0.6880000233650208,0.6960000395774841,118802.0,1.620884656906128
citeseer,0,8,attention,0.1,0.7,0.05,0.35898940563201914,0.9800463914871216,False,controller,,0.75,,,,True,0.5,2.0,0.7070000171661377,,,24.0,100.0,0.7040000557899475,0.6980000138282776,59410.0,1.6752240657806396
citeseer,1,8,attention,0.1,0.7,0.05,0.19045658528804782,0.9860184192657471,False,controller,,0.75,,,,True,0.5,2.0,0.6770000457763672,,,12.0,100.0,0.7080000042915344,0.7110000252723694,59410.0,1.6560227870941162
citeseer,2,8,attention,0.1,0.7,0.05,0.28905839622020724,0.9759783744812012,False,controller,,0.75,,,,True,0.5,2.0,0.690000057220459,,,19.0,100.0,0.7040000557899475,0.7020000219345093,59410.0,1.6730632781982422
citeseer,3,8,attention,0.1,0.7,0.05,0.13287771403789522,0.9922431111335754,False,controller,,0.75,,,,True,0.5,2.0,0.6890000104904175,,,8.0,100.0,0.706000030040741,0.6780000329017639,59410.0,1.637281894683838
citeseer,4,8,attention,0.1,0.7,0.05,0.18742821931838993,0.9837342500686646,False,controller,,0.75,,,,True,0.5,2.0,0.6880000233650208,,,12.0,100.0,0.6960000395774841,0.6960000395774841,59410.0,1.6711442470550537
citeseer,5,8,attention,0.1,0.7,0.05,0.14667761027812962,0.9873394966125488,False,controller,,0.75,,,,True,0.5,2.0,0.6720000505447388,,,9.0,100.0,0.706000030040741,0.6980000138282776,59410.0,1.6590251922607422
citeseer,6,8,attention,0.1,0.7,0.05,0.2965728038549424,0.9720309376716614,False,controller,,0.75,,,,True,0.5,2.0,0.6960000395774841,,,20.0,100.0,0.6980000138282776,0.6950000524520874,59410.0,1.6029386520385742
citeseer,7,8,attention,0.1,0.7,0.05,0.2030547744035721,0.985139012336731,False,controller,,0.75,,,,True,0.5,2.0,0.6810000538825989,,,13.0,100.0,0.7100000381469727,0.6950000524520874,59410.0,1.6748418807983398
citeseer,8,8,attention,0.1,0.7,0.05,0.23416596889495853,0.9897239208221436,False,controller,,0.75,,,,True,0.5,2.0,0.7020000219345093,,,15.0,100.0,0.6960000395774841,0.7100000381469727,59410.0,1.6049201488494873
citeseer,9,8,attention,0.1,0.7,0.05,0.17316530525684362,0.9793314933776855,False,controller,,0.75,,,,True,0.5,2.0,0.6820000410079956,,,11.0,100.0,0.718000054359436,0.7160000205039978,59410.0,1.640474557876587
pubmed,0,8,attention,0.1,0.7,0.05,1.0171560895442964,0.997736394405365,False,controller,,0.5,,,,True,0.5,2.0,0.7770000100135803,,,67.0,100.0,0.8100000619888306,0.7790000438690186,16201.0,2.130518674850464
pubmed,1,8,attention,0.1,0.7,0.05,1.2676819413900375,0.9952383041381836,False,controller,,0.5,,,,True,0.5,2.0,0.7740000486373901,,,84.0,100.0,0.8060000538825989,0.7790000438690186,16201.0,1.9721267223358154
pubmed,2,8,attention,0.1,0.7,0.05,1.1665542763471604,0.9976385831832886,False,controller,,0.5,,,,True,0.5,2.0,0.7750000357627869,,,77.0,100.0,0.8040000200271606,0.7820000648498535,16201.0,1.9967882633209229
pubmed,3,8,attention,0.1,0.7,0.05,1.4481333452463143,0.9958335161209106,False,controller,,0.5,,,,True,0.5,2.0,0.76500004529953,,,96.0,100.0,0.8020000457763672,0.784000039100647,16201.0,2.02498459815979
pubmed,4,8,attention,0.1,0.7,0.05,1.2260577934980383,0.9975029826164246,False,controller,,0.5,,,,True,0.5,2.0,0.7640000581741333,,,81.0,100.0,0.812000036239624,0.7920000553131104,16201.0,2.2258708477020264
pubmed,5,8,attention,0.1,0.7,0.05,1.2538441693782807,0.9964157342910767,False,controller,,0.5,,,,True,0.5,2.0,0.7710000276565552,,,83.0,100.0,0.8100000619888306,0.7770000100135803,16201.0,2.2399885654449463
pubmed,6,8,attention,0.1,0.7,0.05,1.4498903560638414,0.9973790049552917,False,controller,,0.5,,,,True,0.5,2.0,0.7680000066757202,,,96.0,100.0,0.812000036239624,0.7860000133514404,16201.0,2.0255444049835205
pubmed,7,8,attention,0.1,0.7,0.05,1.0455710619688032,0.9966155886650085,False,controller,,0.5,,,,True,0.5,2.0,0.7910000085830688,,,69.0,100.0,0.8040000200271606,0.7880000472068787,16201.0,2.0428147315979004
pubmed,8,8,attention,0.1,0.7,0.05,1.2359815311431888,0.9951311945915222,False,controller,,0.5,,,,True,0.5,2.0,0.7670000195503235,,,82.0,100.0,0.8140000104904175,0.7830000519752502,16201.0,2.0383386611938477
pubmed,9,8,attention,0.1,0.7,0.05,1.3007924038171776,0.9970554113388062,False,controller,,0.5,,,,True,0.5,2.0,0.7640000581741333,,,86.0,100.0,0.8040000200271606,0.7750000357627869,16201.0,2.17577862739563
pubmed,0,8,attention,0.1,0.7,0.05,1.233858622312546,0.9913445711135864,False,controller,,0.75,,,,True,0.5,2.0,0.7770000100135803,,,82.0,100.0,0.8020000457763672,0.7710000276565552,8105.0,2.078864097595215
pubmed,1,8,attention,0.1,0.7,0.05,1.4286354506015773,0.9888489842414856,False,controller,,0.75,,,,True,0.5,2.0,0.7740000486373901,,,95.0,100.0,0.7920000553131104,0.7750000357627869,8105.0,1.6299331188201904
pubmed,2,8,attention,0.1,0.7,0.05,1.465658361911773,0.9965006709098816,False,controller,,0.75,,,,True,0.5,2.0,0.7750000357627869,,,97.0,100.0,0.8020000457763672,0.7680000066757202,8105.0,1.7007083892822266
pubmed,3,8,attention,0.1,0.7,0.05,1.336287671327591,0.9872276186943054,False,controller,,0.75,,,,True,0.5,2.0,0.76500004529953,,,89.0,100.0,0.8040000200271606,0.7750000357627869,8105.0,1.69527268409729
pubmed,4,8,attention,0.1,0.7,0.05,1.4000790411233894,0.9689677953720093,False,controller,,0.75,,,,True,0.5,2.0,0.7640000581741333,,,95.0,100.0,0.8040000200271606,0.7700000405311584,8105.0,1.6533019542694092
pubmed,5,8,attention,0.1,0.7,0.05,1.4732648378610607,0.9906263947486877,False,controller,,0.75,,,,True,0.5,2.0,0.7710000276565552,,,98.0,100.0,0.8080000281333923,0.7730000615119934,8105.0,2.021122694015503
pubmed,6,8,attention,0.1,0.7,0.05,1.3326884829998014,0.9781659245491028,False,controller,,0.75,,,,True,0.5,2.0,0.7680000066757202,,,90.0,100.0,0.8040000200271606,0.7740000486373901,8105.0,2.0735650062561035
pubmed,7,8,attention,0.1,0.7,0.05,1.0431159436702728,0.9921827912330627,False,controller,,0.75,,,,True,0.5,2.0,0.7910000085830688,,,69.0,100.0,0.8060000538825989,0.7780000567436218,8105.0,1.6836485862731934
pubmed,8,8,attention,0.1,0.7,0.05,1.4606200218200678,0.9699596762657166,False,controller,,0.75,,,,True,0.5,2.0,0.7670000195503235,,,99.0,100.0,0.8060000538825989,0.7770000100135803,8105.0,1.7026867866516113
pubmed,9,8,attention,0.1,0.7,0.05,1.447820371985436,0.9723392128944397,False,controller,,0.75,,,,True,0.5,2.0,0.7640000581741333,,,98.0,100.0,0.8020000457763672,0.7720000147819519,8105.0,1.6584374904632568
citeseer,0,8,attention,0.1,0.7,0.05,0.11486311674118045,0.9856574535369873,False,controller,diversity,0.5,0.6290000081062317,best,0.9905871152877808,False,,,0.7070000171661377,0.1763274866342545,0.9911414980888367,7.0,100.0,0.6980000138282776,0.6840000152587891,118802.0,1.9246947765350342
citeseer,1,8,attention,0.1,0.7,0.05,0.07115857899188997,0.982816219329834,False,controller,diversity,0.5,0.6710000038146973,best,0.9895116686820984,False,,,0.6770000457763672,0.32251917600631724,0.9897427558898926,4.0,100.0,0.6840000152587891,0.6780000329017639,118802.0,1.7235171794891357
citeseer,2,8,attention,0.1,0.7,0.05,0.1601818054914475,0.868975818157196,False,controller,diversity,0.5,0.6470000147819519,best,0.8049739003181458,False,,,0.690000057220459,1.5418520325422282,0.8087959885597229,24.0,100.0,0.6960000395774841,0.6910000443458557,118802.0,1.7831077575683594
citeseer,3,8,attention,0.1,0.7,0.05,0.029006479978561407,0.9896480441093445,False,controller,diversity,0.5,0.6770000457763672,best,0.9921757578849792,False,,,0.6890000104904175,0.13268982231616977,0.99278724193573,1.0,100.0,0.6760000586509705,0.6780000329017639,118802.0,1.7220110893249512
citeseer,4,8,attention,0.1,0.7,0.05,0.16993479609489445,0.9791762232780457,False,controller,diversity,0.5,0.6440000534057617,best,0.9893972873687744,False,,,0.6880000233650208,0.3225576627254487,0.9896777272224426,11.0,100.0,0.7000000476837158,0.6810000538825989,118802.0,1.766965627670288
citeseer,5,8,attention,0.1,0.7,0.05,0.1715448367595673,0.9787294268608093,False,controller,diversity,0.5,0.6390000581741333,best,0.9913125038146973,False,,,0.6720000505447388,0.14710032045841218,0.9919008016586304,11.0,100.0,0.6980000138282776,0.6840000152587891,118802.0,1.796689748764038
citeseer,6,8,attention,0.1,0.7,0.05,0.07241634726524354,0.9877451658248901,False,controller,diversity,0.5,0.6650000214576721,best,0.9924980401992798,False,,,0.6960000395774841,0.1621048474311829,0.9929153919219971,4.0,100.0,0.6840000152587891,0.690000057220459,118802.0,1.7710380554199219
citeseer,7,8,attention,0.1,0.7,0.05,0.013956394195556644,0.9802948832511902,False,controller,diversity,0.5,0.6820000410079956,best,0.9858847260475159,False,,,0.6810000538825989,0.3206308144330978,0.9863932728767395,0.0,100.0,0.6880000233650208,0.6660000085830688,118802.0,2.1969738006591797
citeseer,8,8,attention,0.1,0.7,0.05,0.19621093034744266,0.9745578765869141,False,controller,diversity,0.5,0.6800000071525574,best,0.9893965721130371,False,,,0.7020000219345093,0.2055931842327118,0.9900772571563721,13.0,100.0,0.7100000381469727,0.6800000071525574,118802.0,2.273045778274536
citeseer,9,8,attention,0.1,0.7,0.05,0.1293454205989838,0.9854930639266968,False,controller,diversity,0.5,0.6690000295639038,best,0.9906625747680664,False,,,0.6820000410079956,0.19080886960029605,0.9910407066345215,8.0,100.0,0.6920000314712524,0.690000057220459,118802.0,1.7987473011016846
pubmed,0,8,attention,0.1,0.7,0.05,1.3778609752655033,0.9797377586364746,False,controller,diversity,0.5,0.7550000548362732,best,0.9982245564460754,False,,,0.7770000100135803,1.3475815087556837,0.9982640743255615,94.0,100.0,0.796000063419342,0.7700000405311584,16201.0,2.082554817199707
pubmed,1,8,attention,0.1,0.7,0.05,0.2461738604307175,0.9884978532791138,False,controller,diversity,0.5,0.7640000581741333,best,0.9934582710266113,False,,,0.7740000486373901,2.2348084121942526,0.9935572743415833,16.0,100.0,0.7860000133514404,0.7570000290870667,16201.0,2.055248260498047
pubmed,2,8,attention,0.1,0.7,0.05,0.05656311869621278,0.9828559756278992,False,controller,diversity,0.5,0.7690000534057617,best,0.9888958930969238,False,,,0.7750000357627869,2.778007294535638,0.9891014695167542,3.0,100.0,0.800000011920929,0.7720000147819519,16201.0,2.082105875015259
pubmed,3,8,attention,0.1,0.7,0.05,1.2345764046907426,0.988640308380127,False,controller,diversity,0.5,0.7670000195503235,best,0.9988030195236206,False,,,0.76500004529953,1.3482405126094816,0.998833417892456,83.0,100.0,0.7980000376701355,0.7710000276565552,16201.0,2.0909905433654785
pubmed,4,8,attention,0.1,0.7,0.05,1.30122521340847,0.9770640134811401,False,controller,diversity,0.5,0.7310000061988831,best,0.98679518699646,False,,,0.7640000581741333,2.7259313172101973,0.9870108366012573,92.0,100.0,0.7900000214576721,0.7820000648498535,16201.0,2.132143259048462
pubmed,5,8,attention,0.1,0.7,0.05,0.31938769698143016,0.9885023832321167,False,controller,diversity,0.5,0.7660000324249268,best,0.9948314428329468,False,,,0.7710000276565552,2.4039052897691717,0.9949518442153931,21.0,100.0,0.8020000457763672,0.7710000276565552,16201.0,2.123228073120117
pubmed,6,8,attention,0.1,0.7,0.05,1.3479508149623871,0.9878832697868347,False,controller,diversity,0.5,0.7550000548362732,best,0.9974932670593262,False,,,0.7680000066757202,1.8256251621246333,0.9975445866584778,91.0,100.0,0.800000011920929,0.7860000133514404,16201.0,2.273736000061035
pubmed,7,8,attention,0.1,0.7,0.05,0.029754014611244207,0.9974391460418701,False,controller,diversity,0.5,0.7850000262260437,best,0.9983875155448914,False,,,0.7910000085830688,1.7667352747917173,0.9984098672866821,1.0,100.0,0.7920000553131104,0.7790000438690186,16201.0,2.3671176433563232
pubmed,8,8,attention,0.1,0.7,0.05,0.26656917750835424,0.9956591129302979,False,controller,diversity,0.5,0.7430000305175781,best,0.9978333711624146,False,,,0.7670000195503235,1.6908451151847845,0.9978624582290649,17.0,100.0,0.796000063419342,0.7660000324249268,16201.0,2.2901365756988525
pubmed,9,8,attention,0.1,0.7,0.05,1.2461938011646267,0.9761065244674683,False,controller,diversity,0.5,0.7590000629425049,best,0.9955717325210571,False,,,0.7640000581741333,2.2103667926788337,0.9956737756729126,86.0,100.0,0.7920000553131104,0.76500004529953,16201.0,2.111520528793335
citeseer,0,8,attention,0.1,0.7,0.05,0.2744293904304505,0.9865014553070068,False,controller,diversity,0.5,0.6290000081062317,best,0.9905872344970703,True,0.5,2.0,0.7070000171661377,0.1763274866342545,0.9911414980888367,18.0,100.0,0.7040000557899475,0.6820000410079956,118802.0,1.8297412395477295
citeseer,1,8,attention,0.1,0.7,0.05,0.9758887171745301,0.9604228734970093,False,controller,diversity,0.5,0.6710000038146973,best,0.9895116686820984,True,0.5,2.0,0.6770000457763672,0.32251917600631724,0.9897427558898926,69.0,100.0,0.6920000314712524,0.6710000038146973,118802.0,1.8315951824188232
citeseer,2,8,attention,0.1,0.7,0.05,0.06347742021083835,0.8818178176879883,False,controller,diversity,0.5,0.6470000147819519,best,0.8049739003181458,True,0.5,2.0,0.690000057220459,1.5418520325422282,0.8087959885597229,10.0,100.0,0.7220000624656677,0.7190000414848328,118802.0,1.8205857276916504
citeseer,3,8,attention,0.1,0.7,0.05,0.11614771306514741,0.9896258115768433,False,controller,diversity,0.5,0.6770000457763672,best,0.9921757578849792,True,0.5,2.0,0.6890000104904175,0.13268982231616977,0.99278724193573,7.0,100.0,0.690000057220459,0.6800000071525574,118802.0,2.2030246257781982
citeseer,4,8,attention,0.1,0.7,0.05,0.12828765869140626,0.984300971031189,False,controller,diversity,0.5,0.6440000534057617,best,0.9893972873687744,True,0.5,2.0,0.6880000233650208,0.3225576627254487,0.9896777272224426,8.0,100.0,0.7080000042915344,0.6960000395774841,118802.0,2.453084707260132
citeseer,5,8,attention,0.1,0.7,0.05,0.11563065171241763,0.9865018725395203,False,controller,diversity,0.5,0.6390000581741333,best,0.9913125038146973,True,0.5,2.0,0.6720000505447388,0.14710032045841218,0.9919008016586304,7.0,100.0,0.7000000476837158,0.6880000233650208,118802.0,1.799032211303711
citeseer,6,8,attention,0.1,0.7,0.05,0.11586102068424226,0.9870912432670593,False,controller,diversity,0.5,0.6650000214576721,best,0.9924980401992798,True,0.5,2.0,0.6960000395774841,0.1621048474311829,0.9929153919219971,7.0,100.0,0.6920000314712524,0.687000036239624,118802.0,1.8204593658447266
citeseer,7,8,attention,0.1,0.7,0.05,0.21072394251823431,0.9815248847007751,False,controller,diversity,0.5,0.6820000410079956,best,0.9858847260475159,True,0.5,2.0,0.6810000538825989,0.3206308144330978,0.9863932728767395,14.0,100.0,0.7220000624656677,0.6910000443458557,118802.0,1.8331594467163086
citeseer,8,8,attention,0.1,0.7,0.05,0.156818442940712,0.9845194220542908,False,controller,diversity,0.5,0.6800000071525574,best,0.9893965721130371,True,0.5,2.0,0.7020000219345093,0.2055931842327118,0.9900772571563721,10.0,100.0,0.6960000395774841,0.6970000267028809,118802.0,1.784874439239502
citeseer,9,8,attention,0.1,0.7,0.05,0.1297658807039261,0.9881100654602051,False,controller,diversity,0.5,0.6690000295639038,best,0.9906625747680664,True,0.5,2.0,0.6820000410079956,0.19080886960029605,0.9910407066345215,8.0,100.0,0.6840000152587891,0.6740000247955322,118802.0,2.3046348094940186
citeseer,0,8,attention,0.1,0.7,0.05,0.16746468722820285,0.9747193455696106,False,controller,diversity,0.75,0.6080000400543213,best,0.9905872344970703,True,0.5,2.0,0.7070000171661377,0.1763274866342545,0.9911414980888367,11.0,100.0,0.7260000109672546,0.7040000557899475,59410.0,2.151693344116211
citeseer,1,8,attention,0.1,0.7,0.05,0.1514202439785004,0.9701074957847595,False,controller,diversity,0.75,0.5860000252723694,best,0.9895116686820984,True,0.5,2.0,0.6770000457763672,0.32251917600631724,0.9897427558898926,10.0,100.0,0.7080000042915344,0.6860000491142273,59410.0,1.8642935752868652
citeseer,2,8,attention,0.1,0.7,0.05,0.15907607913017283,0.8981308937072754,False,controller,diversity,0.75,0.6300000548362732,best,0.8049739003181458,True,0.5,2.0,0.690000057220459,1.5418520325422282,0.8087959885597229,22.0,100.0,0.7200000286102295,0.7050000429153442,59410.0,1.8788516521453857
citeseer,3,8,attention,0.1,0.7,0.05,0.12952460110187533,0.9856774806976318,False,controller,diversity,0.75,0.6470000147819519,best,0.9921757578849792,True,0.5,2.0,0.6890000104904175,0.13268982231616977,0.99278724193573,8.0,100.0,0.706000030040741,0.7050000429153442,59410.0,1.8546156883239746
citeseer,4,8,attention,0.1,0.7,0.05,0.14456299841403963,0.9877350330352783,False,controller,diversity,0.75,0.6230000257492065,best,0.9893972873687744,True,0.5,2.0,0.6880000233650208,0.3225576627254487,0.9896777272224426,9.0,100.0,0.6960000395774841,0.6850000619888306,59410.0,2.1076090335845947
citeseer,5,8,attention,0.1,0.7,0.05,0.12867519915103914,0.9812710285186768,False,controller,diversity,0.75,0.5190000534057617,best,0.9913125038146973,True,0.5,2.0,0.6720000505447388,0.14710032045841218,0.9919008016586304,8.0,100.0,0.6880000233650208,0.6760000586509705,59410.0,2.424496650695801
citeseer,6,8,attention,0.1,0.7,0.05,0.19783978521823883,0.9760898351669312,False,controller,diversity,0.75,0.6340000033378601,best,0.9924980401992798,True,0.5,2.0,0.6960000395774841,0.1621048474311829,0.9929153919219971,13.0,100.0,0.7020000219345093,0.6860000491142273,59410.0,1.898172378540039
citeseer,7,8,attention,0.1,0.7,0.05,0.13445556461811067,0.9642413854598999,False,controller,diversity,0.75,0.6620000600814819,best,0.9858847260475159,True,0.5,2.0,0.6810000538825989,0.3206308144330978,0.9863932728767395,9.0,100.0,0.7400000095367432,0.7080000042915344,59410.0,1.8433384895324707
citeseer,8,8,attention,0.1,0.7,0.05,0.12610036790370943,0.9772781729698181,False,controller,diversity,0.75,0.6580000519752502,best,0.9893965721130371,True,0.5,2.0,0.7020000219345093,0.2055931842327118,0.9900772571563721,8.0,100.0,0.7040000557899475,0.6760000586509705,59410.0,1.928192138671875
citeseer,9,8,attention,0.1,0.7,0.05,0.16968138694763185,0.9784039258956909,False,controller,diversity,0.75,0.6070000529289246,best,0.9906625747680664,True,0.5,2.0,0.6820000410079956,0.19080886960029605,0.9910407066345215,11.0,100.0,0.7040000557899475,0.6890000104904175,59410.0,1.9607887268066406
pubmed,0,8,attention,0.1,0.7,0.05,0.6393926215171815,0.9977167844772339,False,controller,diversity,0.5,0.7550000548362732,best,0.9982245564460754,True,0.5,2.0,0.7770000100135803,1.3475815087556837,0.9982640743255615,42.0,100.0,0.8020000457763672,0.781000018119812,16201.0,2.403439521789551
pubmed,1,8,attention,0.1,0.7,0.05,1.1893349015712738,0.9940621256828308,False,controller,diversity,0.5,0.7640000581741333,best,0.9934582710266113,True,0.5,2.0,0.7740000486373901,2.2348084121942526,0.9935572743415833,80.0,100.0,0.7980000376701355,0.7740000486373901,16201.0,2.3086512088775635
pubmed,2,8,attention,0.1,0.7,0.05,0.8117930614948272,0.9924050569534302,False,controller,diversity,0.5,0.7690000534057617,best,0.9888958930969238,True,0.5,2.0,0.7750000357627869,2.778007294535638,0.9891014695167542,55.0,100.0,0.8100000619888306,0.7920000553131104,16201.0,2.1322712898254395
pubmed,3,8,attention,0.1,0.7,0.05,0.8485214191675189,0.9979435801506042,False,controller,diversity,0.5,0.7670000195503235,best,0.9988030195236206,True,0.5,2.0,0.76500004529953,1.3482405126094816,0.998833417892456,56.0,100.0,0.7920000553131104,0.7750000357627869,16201.0,2.161998987197876
pubmed,4,8,attention,0.1,0.7,0.05,1.3832747602462767,0.9889612197875977,False,controller,diversity,0.5,0.7310000061988831,best,0.98679518699646,True,0.5,2.0,0.7640000581741333,2.7259313172101973,0.9870108366012573,95.0,100.0,0.8040000200271606,0.7800000309944153,16201.0,2.095076084136963
pubmed,5,8,attention,0.1,0.7,0.05,0.4993722325563431,0.994911789894104,False,controller,diversity,0.5,0.7660000324249268,best,0.9948315620422363,True,0.5,2.0,0.7710000276565552,2.4039052897691717,0.9949518442153931,33.0,100.0,0.8060000538825989,0.7800000309944153,16201.0,2.121952533721924
pubmed,6,8,attention,0.1,0.7,0.05,0.712636385560036,0.9972333908081055,False,controller,diversity,0.5,0.7550000548362732,best,0.9974932670593262,True,0.5,2.0,0.7680000066757202,1.8256251621246333,0.9975445866584778,47.0,100.0,0.8040000200271606,0.7820000648498535,16201.0,2.4914939403533936
pubmed,7,8,attention,0.1,0.7,0.05,1.1169357508420947,0.9978383779525757,False,controller,diversity,0.5,0.7850000262260437,best,0.9983875155448914,True,0.5,2.0,0.7910000085830688,1.7667352747917173,0.9984098672866821,74.0,100.0,0.8020000457763672,0.7900000214576721,16201.0,2.264362096786499
pubmed,8,8,attention,0.1,0.7,0.05,1.1160890668630596,0.9977633953094482,False,controller,diversity,0.5,0.7430000305175781,best,0.9978333711624146,True,0.5,2.0,0.7670000195503235,1.6908451151847845,0.9978624582290649,74.0,100.0,0.796000063419342,0.7710000276565552,16201.0,2.0532431602478027
pubmed,9,8,attention,0.1,0.7,0.05,0.825480433702469,0.9956415891647339,False,controller,diversity,0.5,0.7590000629425049,best,0.9955717325210571,True,0.5,2.0,0.7640000581741333,2.2103667926788337,0.9956737756729126,55.0,100.0,0.8020000457763672,0.7710000276565552,16201.0,2.1552894115448
pubmed,0,8,attention,0.1,0.7,0.05,1.0109786427021028,0.9897932410240173,False,controller,diversity,0.75,0.7470000386238098,best,0.9982245564460754,True,0.5,2.0,0.7770000100135803,1.3475815087556837,0.9982640743255615,68.0,100.0,0.8060000538825989,0.784000039100647,8105.0,1.8327417373657227
pubmed,1,8,attention,0.1,0.7,0.05,1.3459200829267504,0.9985910058021545,False,controller,diversity,0.75,0.7310000061988831,best,0.9934582710266113,True,0.5,2.0,0.7740000486373901,2.2348084121942526,0.9935572743415833,89.0,100.0,0.800000011920929,0.7790000438690186,8105.0,1.8532745838165283
pubmed,2,8,attention,0.1,0.7,0.05,0.3987459129095078,0.9777246117591858,False,controller,diversity,0.75,0.7640000581741333,best,0.9888958930969238,True,0.5,2.0,0.7750000357627869,2.778007294535638,0.9891014695167542,28.0,100.0,0.8040000200271606,0.7790000438690186,8105.0,2.2530293464660645
pubmed,3,8,attention,0.1,0.7,0.05,1.1130387598276144,0.9894194602966309,False,controller,diversity,0.75,0.7740000486373901,best,0.9988030195236206,True,0.5,2.0,0.76500004529953,1.3482405126094816,0.998833417892456,75.0,100.0,0.7940000295639038,0.7790000438690186,8105.0,1.78993558883667
pubmed,4,8,attention,0.1,0.7,0.05,1.1930285197496417,0.9340775609016418,False,controller,diversity,0.75,0.7270000576972961,best,0.98679518699646,True,0.5,2.0,0.7640000581741333,2.7259313172101973,0.9870108366012573,92.0,100.0,0.8040000200271606,0.7800000309944153,8105.0,1.75618577003479
pubmed,5,8,attention,0.1,0.7,0.05,1.4412540751695628,0.996245265007019,False,controller,diversity,0.75,0.7490000128746033,best,0.9948314428329468,True,0.5,2.0,0.7710000276565552,2.4039052897691717,0.9949518442153931,96.0,100.0,0.7980000376701355,0.784000039100647,8105.0,1.741133213043213
pubmed,6,8,attention,0.1,0.7,0.05,0.7403910905122757,0.9938688278198242,False,controller,diversity,0.75,0.7500000596046448,best,0.9974932670593262,True,0.5,2.0,0.7680000066757202,1.8256251621246333,0.9975445866584778,49.0,100.0,0.800000011920929,0.7770000100135803,8105.0,1.880183458328247
pubmed,7,8,attention,0.1,0.7,0.05,0.6802142733335494,0.9947280883789062,False,controller,diversity,0.75,0.7390000224113464,best,0.9983875155448914,True,0.5,2.0,0.7910000085830688,1.7667352747917173,0.9984098672866821,45.0,100.0,0.8020000457763672,0.7790000438690186,8105.0,2.3573129177093506
pubmed,8,8,attention,0.1,0.7,0.05,1.2810130417346954,0.9763449430465698,False,controller,diversity,0.75,0.7390000224113464,best,0.9978333711624146,True,0.5,2.0,0.7670000195503235,1.6908451151847845,0.9978624582290649,89.0,100.0,0.8040000200271606,0.7830000519752502,8105.0,2.190154790878296
pubmed,9,8,attention,0.1,0.7,0.05,1.1306550472974777,0.9757750034332275,False,controller,diversity,0.75,0.753000020980835,best,0.9955717325210571,True,0.5,2.0,0.7640000581741333,2.2103667926788337,0.9956737756729126,79.0,100.0,0.8040000200271606,0.7710000276565552,8105.0,1.9612469673156738
cora,0,8,none,0.1,0.7,0.05,0.1,nan,False,fixed,,0.5,,,,False,,,,,,59.0,100.0,0.7800000309944153,0.8050000667572021,46197.0,1.4372012615203857
cora,1,8,none,0.1,0.7,0.05,0.1,nan,False,fixed,,0.5,,,,False,,,,,,99.0,100.0,0.8020000457763672,0.8180000185966492,46197.0,1.730053186416626
cora,2,8,none,0.1,0.7,0.05,0.1,nan,False,fixed,,0.5,,,,False,,,,,,31.0,100.0,0.8060000538825989,0.8250000476837158,46197.0,1.2609713077545166
cora,3,8,none,0.1,0.7,0.05,0.1,nan,False,fixed,,0.5,,,,False,,,,,,94.0,100.0,0.7860000133514404,0.7990000247955322,46197.0,1.266150712966919
cora,4,8,none,0.1,0.7,0.05,0.1,nan,False,fixed,,0.5,,,,False,,,,,,22.0,100.0,0.800000011920929,0.8160000443458557,46197.0,1.2677133083343506
cora,5,8,none,0.1,0.7,0.05,0.1,nan,False,fixed,,0.5,,,,False,,,,,,12.0,100.0,0.7780000567436218,0.781000018119812,46197.0,1.58787202835083
cora,6,8,none,0.1,0.7,0.05,0.1,nan,False,fixed,,0.5,,,,False,,,,,,56.0,100.0,0.800000011920929,0.8090000152587891,46197.0,1.2571816444396973
cora,7,8,none,0.1,0.7,0.05,0.1,nan,False,fixed,,0.5,,,,False,,,,,,17.0,100.0,0.8020000457763672,0.7990000247955322,46197.0,1.2762975692749023
cora,8,8,none,0.1,0.7,0.05,0.1,nan,False,fixed,,0.5,,,,False,,,,,,31.0,100.0,0.800000011920929,0.7980000376701355,46197.0,1.3104088306427002
cora,9,8,none,0.1,0.7,0.05,0.1,nan,False,fixed,,0.5,,,,False,,,,,,42.0,100.0,0.8180000185966492,0.8230000138282776,46197.0,1.5906670093536377
cora,0,8,none,0.1,0.7,0.05,0.1,nan,False,fixed,,0.75,,,,False,,,,,,98.0,100.0,0.7980000376701355,0.8010000586509705,23109.0,1.2710978984832764
cora,1,8,none,0.1,0.7,0.05,0.1,nan,False,fixed,,0.75,,,,False,,,,,,75.0,100.0,0.7920000553131104,0.8080000281333923,23109.0,1.361840009689331
cora,2,8,none,0.1,0.7,0.05,0.1,nan,False,fixed,,0.75,,,,False,,,,,,59.0,100.0,0.7980000376701355,0.8010000586509705,23109.0,1.2880549430847168
cora,3,8,none,0.1,0.7,0.05,0.1,nan,False,fixed,,0.75,,,,False,,,,,,93.0,100.0,0.8060000538825989,0.8090000152587891,23109.0,1.7776882648468018
cora,4,8,none,0.1,0.7,0.05,0.1,nan,False,fixed,,0.75,,,,False,,,,,,36.0,100.0,0.7800000309944153,0.800000011920929,23109.0,1.2508878707885742
cora,5,8,none,0.1,0.7,0.05,0.1,nan,False,fixed,,0.75,,,,False,,,,,,99.0,100.0,0.7920000553131104,0.8010000586509705,23109.0,1.274925947189331
cora,6,8,none,0.1,0.7,0.05,0.1,nan,False,fixed,,0.75,,,,False,,,,,,62.0,100.0,0.7880000472068787,0.7870000600814819,23109.0,1.3150382041931152
cora,7,8,none,0.1,0.7,0.05,0.1,nan,False,fixed,,0.75,,,,False,,,,,,37.0,100.0,0.8200000524520874,0.8250000476837158,23109.0,1.5269389152526855
cora,8,8,none,0.1,0.7,0.05,0.1,nan,False,fixed,,0.75,,,,False,,,,,,49.0,100.0,0.800000011920929,0.8110000491142273,23109.0,1.2965002059936523
cora,9,8,none,0.1,0.7,0.05,0.1,nan,False,fixed,,0.75,,,,False,,,,,,49.0,100.0,0.800000011920929,0.8170000314712524,23109.0,1.3015193939208984
citeseer,0,8,none,0.1,0.7,0.05,0.1,nan,False,fixed,,0.5,,,,False,,,,,,89.0,100.0,0.690000057220459,0.675000011920929,118802.0,1.4746265411376953
citeseer,1,8,none,0.1,0.7,0.05,0.1,nan,False,fixed,,0.5,,,,False,,,,,,22.0,100.0,0.7080000042915344,0.7050000429153442,118802.0,1.6282992362976074
citeseer,2,8,none,0.1,0.7,0.05,0.1,nan,False,fixed,,0.5,,,,False,,,,,,18.0,100.0,0.7100000381469727,0.6990000605583191,118802.0,1.330735445022583
citeseer,3,8,none,0.1,0.7,0.05,0.1,nan,False,fixed,,0.5,,,,False,,,,,,15.0,100.0,0.706000030040741,0.6850000619888306,118802.0,1.3389370441436768
citeseer,4,8,none,0.1,0.7,0.05,0.1,nan,False,fixed,,0.5,,,,False,,,,,,25.0,100.0,0.6880000233650208,0.6740000247955322,118802.0,1.5984179973602295
citeseer,5,8,none,0.1,0.7,0.05,0.1,nan,False,fixed,,0.5,,,,False,,,,,,19.0,100.0,0.7100000381469727,0.6940000057220459,118802.0,1.4467034339904785
citeseer,6,8,none,0.1,0.7,0.05,0.1,nan,False,fixed,,0.5,,,,False,,,,,,29.0,100.0,0.6960000395774841,0.6820000410079956,118802.0,1.3731048107147217
citeseer,7,8,none,0.1,0.7,0.05,0.1,nan,False,fixed,,0.5,,,,False,,,,,,11.0,100.0,0.6980000138282776,0.7050000429153442,118802.0,1.354914903640747
citeseer,8,8,none,0.1,0.7,0.05,0.1,nan,False,fixed,,0.5,,,,False,,,,,,22.0,100.0,0.6720000505447388,0.6620000600814819,118802.0,1.512333869934082
citeseer,9,8,none,0.1,0.7,0.05,0.1,nan,False,fixed,,0.5,,,,False,,,,,,97.0,100.0,0.6660000085830688,0.6660000085830688,118802.0,1.5751776695251465
citeseer,0,8,none,0.1,0.7,0.05,0.1,nan,False,fixed,,0.75,,,,False,,,,,,67.0,100.0,0.6920000314712524,0.6920000314712524,59410.0,1.3408968448638916
citeseer,1,8,none,0.1,0.7,0.05,0.1,nan,False,fixed,,0.75,,,,False,,,,,,72.0,100.0,0.6880000233650208,0.6780000329017639,59410.0,1.3454740047454834
citeseer,2,8,none,0.1,0.7,0.05,0.1,nan,False,fixed,,0.75,,,,False,,,,,,33.0,100.0,0.706000030040741,0.6820000410079956,59410.0,1.7134928703308105
citeseer,3,8,none,0.1,0.7,0.05,0.1,nan,False,fixed,,0.75,,,,False,,,,,,26.0,100.0,0.7040000557899475,0.6820000410079956,59410.0,1.5317153930664062
citeseer,4,8,none,0.1,0.7,0.05,0.1,nan,False,fixed,,0.75,,,,False,,,,,,62.0,100.0,0.6860000491142273,0.6660000085830688,59410.0,1.344677209854126
citeseer,5,8,none,0.1,0.7,0.05,0.1,nan,False,fixed,,0.75,,,,False,,,,,,43.0,100.0,0.6880000233650208,0.6570000052452087,59410.0,1.3553717136383057
citeseer,6,8,none,0.1,0.7,0.05,0.1,nan,False,fixed,,0.75,,,,False,,,,,,33.0,100.0,0.6940000057220459,0.6920000314712524,59410.0,1.6733722686767578
citeseer,7,8,none,0.1,0.7,0.05,0.1,nan,False,fixed,,0.75,,,,False,,,,,,29.0,100.0,0.7040000557899475,0.6770000457763672,59410.0,1.4071903228759766
citeseer,8,8,none,0.1,0.7,0.05,0.1,nan,False,fixed,,0.75,,,,False,,,,,,76.0,100.0,0.6660000085830688,0.6500000357627869,59410.0,1.3792433738708496
citeseer,9,8,none,0.1,0.7,0.05,0.1,nan,False,fixed,,0.75,,,,False,,,,,,80.0,100.0,0.6660000085830688,0.6540000438690186,59410.0,1.3867096900939941
pubmed,0,8,none,0.1,0.7,0.05,0.1,nan,False,fixed,,0.5,,,,False,,,,,,75.0,100.0,0.7880000472068787,0.7610000371932983,16201.0,1.8018531799316406
pubmed,1,8,none,0.1,0.7,0.05,0.1,nan,False,fixed,,0.5,,,,False,,,,,,90.0,100.0,0.7920000553131104,0.7680000066757202,16201.0,1.7109274864196777
pubmed,2,8,none,0.1,0.7,0.05,0.1,nan,False,fixed,,0.5,,,,False,,,,,,94.0,100.0,0.7980000376701355,0.7880000472068787,16201.0,1.5300242900848389
pubmed,3,8,none,0.1,0.7,0.05,0.1,nan,False,fixed,,0.5,,,,False,,,,,,94.0,100.0,0.784000039100647,0.7670000195503235,16201.0,1.5482580661773682
pubmed,4,8,none,0.1,0.7,0.05,0.1,nan,False,fixed,,0.5,,,,False,,,,,,94.0,100.0,0.7880000472068787,0.7720000147819519,16201.0,1.611276388168335
pubmed,5,8,none,0.1,0.7,0.05,0.1,nan,False,fixed,,0.5,,,,False,,,,,,79.0,100.0,0.7880000472068787,0.7700000405311584,16201.0,1.7742319107055664
pubmed,6,8,none,0.1,0.7,0.05,0.1,nan,False,fixed,,0.5,,,,False,,,,,,93.0,100.0,0.7860000133514404,0.7690000534057617,16201.0,1.6198816299438477
pubmed,7,8,none,0.1,0.7,0.05,0.1,nan,False,fixed,,0.5,,,,False,,,,,,87.0,100.0,0.7920000553131104,0.7620000243186951,16201.0,1.5796396732330322
pubmed,8,8,none,0.1,0.7,0.05,0.1,nan,False,fixed,,0.5,,,,False,,,,,,87.0,100.0,0.7900000214576721,0.7670000195503235,16201.0,1.5298287868499756
pubmed,9,8,none,0.1,0.7,0.05,0.1,nan,False,fixed,,0.5,,,,False,,,,,,98.0,100.0,0.7880000472068787,0.7710000276565552,16201.0,1.8340609073638916
pubmed,0,8,none,0.1,0.7,0.05,0.1,nan,False,fixed,,0.75,,,,False,,,,,,96.0,100.0,0.7700000405311584,0.7410000562667847,8105.0,1.3361473083496094
pubmed,1,8,none,0.1,0.7,0.05,0.1,nan,False,fixed,,0.75,,,,False,,,,,,98.0,100.0,0.7740000486373901,0.7550000548362732,8105.0,1.3671817779541016
pubmed,2,8,none,0.1,0.7,0.05,0.1,nan,False,fixed,,0.75,,,,False,,,,,,70.0,100.0,0.7720000147819519,0.7320000529289246,8105.0,1.340994119644165
pubmed,3,8,none,0.1,0.7,0.05,0.1,nan,False,fixed,,0.75,,,,False,,,,,,97.0,100.0,0.784000039100647,0.7610000371932983,8105.0,1.762697458267212
pubmed,4,8,none,0.1,0.7,0.05,0.1,nan,False,fixed,,0.75,,,,False,,,,,,98.0,100.0,0.7800000309944153,0.7610000371932983,8105.0,1.3810803890228271
pubmed,5,8,none,0.1,0.7,0.05,0.1,nan,False,fixed,,0.75,,,,False,,,,,,88.0,100.0,0.7720000147819519,0.7570000290870667,8105.0,1.4107367992401123
pubmed,6,8,none,0.1,0.7,0.05,0.1,nan,False,fixed,,0.75,,,,False,,,,,,95.0,100.0,0.7740000486373901,0.7480000257492065,8105.0,1.4329588413238525
pubmed,7,8,none,0.1,0.7,0.05,0.1,nan,False,fixed,,0.75,,,,False,,,,,,96.0,100.0,0.7740000486373901,0.7480000257492065,8105.0,1.5704667568206787
pubmed,8,8,none,0.1,0.7,0.05,0.1,nan,False,fixed,,0.75,,,,False,,,,,,93.0,100.0,0.7760000228881836,0.7450000643730164,8105.0,1.3637995719909668
pubmed,9,8,none,0.1,0.7,0.05,0.1,nan,False,fixed,,0.75,,,,False,,,,,,96.0,100.0,0.7880000472068787,0.7510000467300415,8105.0,1.365832805633545
